{
  "bindings": [
    {
      "id": "reference",
      "path": "docs/engineering/benchmarks/supabase-v0.8.2.source.json",
      "sha256": "d77a9cba8a3733db85c1235e262b5eb75504dfc92005fec3d281e5aaf0e773ec"
    },
    {
      "id": "images",
      "path": "lab/images.lock.json",
      "sha256": "aff28b79f26960e19ad1ea93c1da8ede4d154fba1a9d8956ea94988043cd37f9"
    },
    {
      "id": "storage-images",
      "path": "lab/storage-image.lock.json",
      "sha256": "6913ec4af576eff98bcd2e84cf816ae082407479314ab299c49da16d2090321f"
    },
    {
      "id": "realtime-images",
      "path": "lab/realtime-image.lock.json",
      "sha256": "358d489115a2f8e3aa6195a1a4d50f8d93d902ef9373256675dd12bf851dd0ea"
    },
    {
      "id": "functions-images",
      "path": "lab/functions-image.lock.json",
      "sha256": "72a770cba090b3d4dcd9aaad384e7008da385236309d05137c297d6b08057d7d"
    },
    {
      "id": "studio-images",
      "path": "lab/studio-image.lock.json",
      "sha256": "5fa0eb84549aeff64027e0c6af15e16fb5ab7249e0b684762326581a5591b219"
    },
    {
      "id": "host-images",
      "path": "lab/distro-image.lock.json",
      "sha256": "358e66bdd93ef63eddff06b25eb7d4bc29625088b2b69e05c1ba9a4bdac9feb4"
    },
    {
      "id": "compose",
      "path": "compose.yaml",
      "sha256": "0d46fc504dcb7c183319b9a76d386aa43a3a23f1277ccbea41697dc700b8da1a"
    },
    {
      "id": "host-config",
      "path": "lab/docker_profile.py",
      "sha256": "fea735fd19c3f64833c7d651383c3c584e990d7e1dcda167bbb1759e4c3e3a2e"
    },
    {
      "id": "catalog-schema",
      "path": "src/control/catalog.ts",
      "sha256": "7c0f817445854ca85b46653507339daf77bd6c20e20bc5fcc47595694eb82c2f"
    },
    {
      "id": "native-fixture",
      "path": "lab/fixtures/native_cron_setup.json",
      "sha256": "22eef1e7efe03123100b374906421b651da573db2f48ef496ec31e8fc5f68285"
    },
    {
      "id": "registry-schema",
      "path": "deploy/capabilities/registry.schema.json",
      "sha256": "1d7bcd22192f575f2a0519c970f9639c552ecffcf2e518e158504ef615e3e44b"
    },
    {
      "id": "evidence-schema",
      "path": "deploy/capabilities/evidence.schema.json",
      "sha256": "072318700e6f2ed900c228a6a3d24445da514881bf2494e698ab2916b71899b2"
    },
    {
      "id": "placement-config",
      "path": "src/control/placement.ts",
      "sha256": "9b09dcad025c4cbee5a361a331baf5139f5c73c82ef24dcfecb5dba6cabc6e50"
    },
    {
      "id": "reference-bundle",
      "path": "docs/engineering/benchmarks/supabase-v0.8.2.bundle.json",
      "sha256": "9299a0cfbf7c46c2fbbb79bf6dbda290cd4754902906c88b8cbe0ac83dd1db80"
    }
  ],
  "errors": [],
  "history_ledger": "docs/engineering/gauntlet-ledger.json",
  "proof_trust": "self-attested; checksums do not prove execution or reviewer independence",
  "reference": {
    "commit": "564eab8ad7840b13324f68b1bfac074ef8d51c21",
    "repository": "https://github.com/supabase/supabase",
    "tag": "self-hosted/v0.8.2"
  },
  "reference_bundle": {
    "metadata_errors": [
      "docker/dev/docker-compose.dev.yml: native parser diagnostic: level=warning msg=\"<public-checkout>/docker/dev/docker-compose.dev.yml: the attribute `version` is obsolete, it will be ignored, please remove it to avoid potential confusion\"\n",
      "docker/dev/docker-compose.dev.yml: build-only service image cannot be frozen: studio",
      "inbucket/inbucket:3.0.3: uninspected: Docker Hub 429 observed; no retry performed",
      "inbucket/inbucket:3.0.3: incomplete or invalid metadata: missing immutable sha256 digest",
      "supabase/studio:2026.09.07-sha-7996410: docker command refused (1): ERROR: httpReadSeeker: failed open: unexpected status from GET request to https://registry-1.docker.io/v2/supabase/studio/manifests/sha256:94a2a9d2906e8b4109e55159a62e241c3044709a492913ea8edd34b14973d288: 429 Too Many Requests\ntoomanyrequests: You have reached your unauthenticated pull rate limit. https://www.docker.com/increase-rate-limit\n",
      "supabase/studio:2026.09.07-sha-7996410: incomplete or invalid metadata: missing immutable sha256 digest",
      "supabase/supavisor:2.9.12: docker command refused (1): ERROR: unexpected status from HEAD request to https://registry-1.docker.io/v2/supabase/supavisor/manifests/2.9.12: 429 Too Many Requests\n",
      "supabase/supavisor:2.9.12: incomplete or invalid metadata: missing immutable sha256 digest",
      "timberio/vector:0.53.0-alpine: docker command refused (1): ERROR: unexpected status from HEAD request to https://registry-1.docker.io/v2/timberio/vector/manifests/0.53.0-alpine: 429 Too Many Requests\n",
      "timberio/vector:0.53.0-alpine: incomplete or invalid metadata: 'manifest'"
    ],
    "path": "docs/engineering/benchmarks/supabase-v0.8.2.bundle.json",
    "status": "metadata-collected-with-unresolved-proof"
  },
  "schema_version": 1,
  "source": {
    "algorithm": "sbarbase-public-source-v1",
    "files": 531,
    "sha256": "2c1f7e3416b64b0e66f85ae590573672443c391a80467b193b4f56bbf815b420"
  },
  "status": [
    {
      "acceptance": "unproven",
      "capability": "SB-01",
      "contract": "SB-01/legacy-shared/v1",
      "errors": [],
      "evidence": {
        "acceptance": [],
        "production": []
      },
      "history": [],
      "host_profile": "linux-containers-unpromoted",
      "implementation": "implemented",
      "limitations": [
        "No current execution proof is admitted. Historical source, unit and fragment results do not establish this complete contract.",
        "Production, independent-host recovery and workload support remain unproven.",
        "Legacy PostgreSQL uses postgres:17-alpine in lab/images.lock.json; it is not the original Supabase PostgreSQL image. Shared resources are a shared failure boundary.",
        "Implementation means the local governance verifier only; it does not establish runtime service or managed platform support."
      ],
      "placement": "legacy-shared",
      "production": "unproven",
      "required_tests": [
        {
          "command": [
            "python3",
            "-m",
            "unittest",
            "lab.test_capability_registry"
          ],
          "contract": "SB-01/legacy-shared/v1/complete-contract",
          "fixtures": [
            "reference",
            "compose",
            "images",
            "native-fixture"
          ],
          "gate": "acceptance",
          "id": "SB-01.complete-contract",
          "kind": "unit",
          "runner": "lab/test_capability_registry.py"
        },
        {
          "command": [],
          "contract": "SB-01/legacy-shared/v1/production",
          "fixtures": [
            "reference",
            "compose",
            "images",
            "native-fixture"
          ],
          "gate": "production",
          "id": "SB-01.production",
          "kind": "runtime",
          "runner": ""
        }
      ],
      "source": {
        "algorithm": "sbarbase-public-source-v1",
        "files": 531,
        "sha256": "2c1f7e3416b64b0e66f85ae590573672443c391a80467b193b4f56bbf815b420"
      },
      "title": "Versioned capability and evidence manifest"
    },
    {
      "acceptance": "unproven",
      "capability": "SB-01",
      "contract": "SB-01/native-dedicated/v1",
      "errors": [],
      "evidence": {
        "acceptance": [],
        "production": []
      },
      "history": [],
      "host_profile": "linux-containers-unpromoted",
      "implementation": "implemented",
      "limitations": [
        "No current execution proof is admitted. Historical source, unit and fragment results do not establish this complete contract.",
        "Production, independent-host recovery and workload support remain unproven.",
        "Native startup, SDK flow and fenced recovery must pass together before feature admission. Original Cron effects alone do not accept SB-13a.",
        "Implementation means the local governance verifier only; it does not establish runtime service or managed platform support."
      ],
      "placement": "native-dedicated",
      "production": "unproven",
      "required_tests": [
        {
          "command": [
            "python3",
            "-m",
            "unittest",
            "lab.test_capability_registry"
          ],
          "contract": "SB-01/native-dedicated/v1/complete-contract",
          "fixtures": [
            "reference",
            "compose",
            "images",
            "native-fixture"
          ],
          "gate": "acceptance",
          "id": "SB-01.complete-contract",
          "kind": "unit",
          "runner": "lab/test_capability_registry.py"
        },
        {
          "command": [],
          "contract": "SB-01/native-dedicated/v1/production",
          "fixtures": [
            "reference",
            "compose",
            "images",
            "native-fixture"
          ],
          "gate": "production",
          "id": "SB-01.production",
          "kind": "runtime",
          "runner": ""
        }
      ],
      "source": {
        "algorithm": "sbarbase-public-source-v1",
        "files": 531,
        "sha256": "2c1f7e3416b64b0e66f85ae590573672443c391a80467b193b4f56bbf815b420"
      },
      "title": "Versioned capability and evidence manifest"
    },
    {
      "acceptance": "unproven",
      "capability": "SB-01",
      "contract": "SB-01/cloud-only/v1",
      "errors": [],
      "evidence": {
        "acceptance": [],
        "production": []
      },
      "history": [],
      "host_profile": "managed-platform-unavailable",
      "implementation": "implemented",
      "limitations": [
        "No current execution proof is admitted. Historical source, unit and fragment results do not establish this complete contract.",
        "Production, independent-host recovery and workload support remain unproven.",
        "Managed platform equivalence is unsupported; no runnable local proof contract is offered.",
        "Implementation means the local governance verifier only; it does not establish runtime service or managed platform support."
      ],
      "placement": "cloud-only",
      "production": "unproven",
      "required_tests": [
        {
          "command": [],
          "contract": "SB-01/cloud-only/v1/complete-contract",
          "fixtures": [
            "reference",
            "compose",
            "images",
            "native-fixture"
          ],
          "gate": "acceptance",
          "id": "SB-01.complete-contract",
          "kind": "unit",
          "runner": ""
        },
        {
          "command": [],
          "contract": "SB-01/cloud-only/v1/production",
          "fixtures": [
            "reference",
            "compose",
            "images",
            "native-fixture"
          ],
          "gate": "production",
          "id": "SB-01.production",
          "kind": "runtime",
          "runner": ""
        }
      ],
      "source": {
        "algorithm": "sbarbase-public-source-v1",
        "files": 531,
        "sha256": "2c1f7e3416b64b0e66f85ae590573672443c391a80467b193b4f56bbf815b420"
      },
      "title": "Versioned capability and evidence manifest"
    },
    {
      "acceptance": "unproven",
      "capability": "SB-02",
      "contract": "SB-02/legacy-shared/v1",
      "errors": [],
      "evidence": {
        "acceptance": [],
        "production": []
      },
      "history": [],
      "host_profile": "linux-containers-unpromoted",
      "implementation": "partial",
      "limitations": [
        "No current execution proof is admitted. Historical source, unit and fragment results do not establish this complete contract.",
        "Production, independent-host recovery and workload support remain unproven.",
        "Legacy PostgreSQL uses postgres:17-alpine in lab/images.lock.json; it is not the original Supabase PostgreSQL image. Shared resources are a shared failure boundary."
      ],
      "placement": "legacy-shared",
      "production": "unproven",
      "required_tests": [
        {
          "command": [],
          "contract": "SB-02/legacy-shared/v1/complete-contract",
          "fixtures": [
            "reference",
            "compose",
            "images",
            "native-fixture"
          ],
          "gate": "acceptance",
          "id": "SB-02.complete-contract",
          "kind": "runtime",
          "runner": ""
        },
        {
          "command": [],
          "contract": "SB-02/legacy-shared/v1/production",
          "fixtures": [
            "reference",
            "compose",
            "images",
            "native-fixture"
          ],
          "gate": "production",
          "id": "SB-02.production",
          "kind": "runtime",
          "runner": ""
        }
      ],
      "source": {
        "algorithm": "sbarbase-public-source-v1",
        "files": 531,
        "sha256": "2c1f7e3416b64b0e66f85ae590573672443c391a80467b193b4f56bbf815b420"
      },
      "title": "Host support preflight"
    },
    {
      "acceptance": "unproven",
      "capability": "SB-02",
      "contract": "SB-02/native-dedicated/v1",
      "errors": [],
      "evidence": {
        "acceptance": [],
        "production": []
      },
      "history": [],
      "host_profile": "linux-containers-unpromoted",
      "implementation": "partial",
      "limitations": [
        "No current execution proof is admitted. Historical source, unit and fragment results do not establish this complete contract.",
        "Production, independent-host recovery and workload support remain unproven.",
        "Native startup, SDK flow and fenced recovery must pass together before feature admission. Original Cron effects alone do not accept SB-13a."
      ],
      "placement": "native-dedicated",
      "production": "unproven",
      "required_tests": [
        {
          "command": [],
          "contract": "SB-02/native-dedicated/v1/complete-contract",
          "fixtures": [
            "reference",
            "compose",
            "images",
            "native-fixture"
          ],
          "gate": "acceptance",
          "id": "SB-02.complete-contract",
          "kind": "runtime",
          "runner": ""
        },
        {
          "command": [],
          "contract": "SB-02/native-dedicated/v1/production",
          "fixtures": [
            "reference",
            "compose",
            "images",
            "native-fixture"
          ],
          "gate": "production",
          "id": "SB-02.production",
          "kind": "runtime",
          "runner": ""
        }
      ],
      "source": {
        "algorithm": "sbarbase-public-source-v1",
        "files": 531,
        "sha256": "2c1f7e3416b64b0e66f85ae590573672443c391a80467b193b4f56bbf815b420"
      },
      "title": "Host support preflight"
    },
    {
      "acceptance": "unproven",
      "capability": "SB-02",
      "contract": "SB-02/cloud-only/v1",
      "errors": [],
      "evidence": {
        "acceptance": [],
        "production": []
      },
      "history": [],
      "host_profile": "managed-platform-unavailable",
      "implementation": "unsupported",
      "limitations": [
        "No current execution proof is admitted. Historical source, unit and fragment results do not establish this complete contract.",
        "Production, independent-host recovery and workload support remain unproven.",
        "Managed platform equivalence is unsupported; no runnable local proof contract is offered."
      ],
      "placement": "cloud-only",
      "production": "unproven",
      "required_tests": [
        {
          "command": [],
          "contract": "SB-02/cloud-only/v1/complete-contract",
          "fixtures": [
            "reference",
            "compose",
            "images",
            "native-fixture"
          ],
          "gate": "acceptance",
          "id": "SB-02.complete-contract",
          "kind": "runtime",
          "runner": ""
        },
        {
          "command": [],
          "contract": "SB-02/cloud-only/v1/production",
          "fixtures": [
            "reference",
            "compose",
            "images",
            "native-fixture"
          ],
          "gate": "production",
          "id": "SB-02.production",
          "kind": "runtime",
          "runner": ""
        }
      ],
      "source": {
        "algorithm": "sbarbase-public-source-v1",
        "files": 531,
        "sha256": "2c1f7e3416b64b0e66f85ae590573672443c391a80467b193b4f56bbf815b420"
      },
      "title": "Host support preflight"
    },
    {
      "acceptance": "unproven",
      "capability": "SB-03",
      "contract": "SB-03/legacy-shared/v1",
      "errors": [],
      "evidence": {
        "acceptance": [],
        "production": []
      },
      "history": [],
      "host_profile": "linux-containers-unpromoted",
      "implementation": "planned",
      "limitations": [
        "No current execution proof is admitted. Historical source, unit and fragment results do not establish this complete contract.",
        "Production, independent-host recovery and workload support remain unproven.",
        "Legacy PostgreSQL uses postgres:17-alpine in lab/images.lock.json; it is not the original Supabase PostgreSQL image. Shared resources are a shared failure boundary."
      ],
      "placement": "legacy-shared",
      "production": "unproven",
      "required_tests": [
        {
          "command": [],
          "contract": "SB-03/legacy-shared/v1/complete-contract",
          "fixtures": [
            "reference",
            "compose",
            "images",
            "native-fixture"
          ],
          "gate": "acceptance",
          "id": "SB-03.complete-contract",
          "kind": "runtime",
          "runner": ""
        },
        {
          "command": [],
          "contract": "SB-03/legacy-shared/v1/production",
          "fixtures": [
            "reference",
            "compose",
            "images",
            "native-fixture"
          ],
          "gate": "production",
          "id": "SB-03.production",
          "kind": "runtime",
          "runner": ""
        }
      ],
      "source": {
        "algorithm": "sbarbase-public-source-v1",
        "files": 531,
        "sha256": "2c1f7e3416b64b0e66f85ae590573672443c391a80467b193b4f56bbf815b420"
      },
      "title": "PostgreSQL and security release applicability"
    },
    {
      "acceptance": "unproven",
      "capability": "SB-03",
      "contract": "SB-03/native-dedicated/v1",
      "errors": [],
      "evidence": {
        "acceptance": [],
        "production": []
      },
      "history": [],
      "host_profile": "linux-containers-unpromoted",
      "implementation": "planned",
      "limitations": [
        "No current execution proof is admitted. Historical source, unit and fragment results do not establish this complete contract.",
        "Production, independent-host recovery and workload support remain unproven.",
        "Native startup, SDK flow and fenced recovery must pass together before feature admission. Original Cron effects alone do not accept SB-13a."
      ],
      "placement": "native-dedicated",
      "production": "unproven",
      "required_tests": [
        {
          "command": [],
          "contract": "SB-03/native-dedicated/v1/complete-contract",
          "fixtures": [
            "reference",
            "compose",
            "images",
            "native-fixture"
          ],
          "gate": "acceptance",
          "id": "SB-03.complete-contract",
          "kind": "runtime",
          "runner": ""
        },
        {
          "command": [],
          "contract": "SB-03/native-dedicated/v1/production",
          "fixtures": [
            "reference",
            "compose",
            "images",
            "native-fixture"
          ],
          "gate": "production",
          "id": "SB-03.production",
          "kind": "runtime",
          "runner": ""
        }
      ],
      "source": {
        "algorithm": "sbarbase-public-source-v1",
        "files": 531,
        "sha256": "2c1f7e3416b64b0e66f85ae590573672443c391a80467b193b4f56bbf815b420"
      },
      "title": "PostgreSQL and security release applicability"
    },
    {
      "acceptance": "unproven",
      "capability": "SB-03",
      "contract": "SB-03/cloud-only/v1",
      "errors": [],
      "evidence": {
        "acceptance": [],
        "production": []
      },
      "history": [],
      "host_profile": "managed-platform-unavailable",
      "implementation": "unsupported",
      "limitations": [
        "No current execution proof is admitted. Historical source, unit and fragment results do not establish this complete contract.",
        "Production, independent-host recovery and workload support remain unproven.",
        "Managed platform equivalence is unsupported; no runnable local proof contract is offered."
      ],
      "placement": "cloud-only",
      "production": "unproven",
      "required_tests": [
        {
          "command": [],
          "contract": "SB-03/cloud-only/v1/complete-contract",
          "fixtures": [
            "reference",
            "compose",
            "images",
            "native-fixture"
          ],
          "gate": "acceptance",
          "id": "SB-03.complete-contract",
          "kind": "runtime",
          "runner": ""
        },
        {
          "command": [],
          "contract": "SB-03/cloud-only/v1/production",
          "fixtures": [
            "reference",
            "compose",
            "images",
            "native-fixture"
          ],
          "gate": "production",
          "id": "SB-03.production",
          "kind": "runtime",
          "runner": ""
        }
      ],
      "source": {
        "algorithm": "sbarbase-public-source-v1",
        "files": 531,
        "sha256": "2c1f7e3416b64b0e66f85ae590573672443c391a80467b193b4f56bbf815b420"
      },
      "title": "PostgreSQL and security release applicability"
    },
    {
      "acceptance": "unproven",
      "capability": "SB-04",
      "contract": "SB-04/legacy-shared/v1",
      "errors": [],
      "evidence": {
        "acceptance": [],
        "production": []
      },
      "history": [],
      "host_profile": "linux-containers-unpromoted",
      "implementation": "partial",
      "limitations": [
        "No current execution proof is admitted. Historical source, unit and fragment results do not establish this complete contract.",
        "Production, independent-host recovery and workload support remain unproven.",
        "Legacy PostgreSQL uses postgres:17-alpine in lab/images.lock.json; it is not the original Supabase PostgreSQL image. Shared resources are a shared failure boundary."
      ],
      "placement": "legacy-shared",
      "production": "unproven",
      "required_tests": [
        {
          "command": [],
          "contract": "SB-04/legacy-shared/v1/complete-contract",
          "fixtures": [
            "reference",
            "compose",
            "images",
            "native-fixture"
          ],
          "gate": "acceptance",
          "id": "SB-04.complete-contract",
          "kind": "runtime",
          "runner": ""
        },
        {
          "command": [],
          "contract": "SB-04/legacy-shared/v1/production",
          "fixtures": [
            "reference",
            "compose",
            "images",
            "native-fixture"
          ],
          "gate": "production",
          "id": "SB-04.production",
          "kind": "runtime",
          "runner": ""
        }
      ],
      "source": {
        "algorithm": "sbarbase-public-source-v1",
        "files": 531,
        "sha256": "2c1f7e3416b64b0e66f85ae590573672443c391a80467b193b4f56bbf815b420"
      },
      "title": "Concurrent Storage backup adversarial fixture"
    },
    {
      "acceptance": "unproven",
      "capability": "SB-04",
      "contract": "SB-04/native-dedicated/v1",
      "errors": [],
      "evidence": {
        "acceptance": [],
        "production": []
      },
      "history": [],
      "host_profile": "linux-containers-unpromoted",
      "implementation": "partial",
      "limitations": [
        "No current execution proof is admitted. Historical source, unit and fragment results do not establish this complete contract.",
        "Production, independent-host recovery and workload support remain unproven.",
        "Native startup, SDK flow and fenced recovery must pass together before feature admission. Original Cron effects alone do not accept SB-13a."
      ],
      "placement": "native-dedicated",
      "production": "unproven",
      "required_tests": [
        {
          "command": [],
          "contract": "SB-04/native-dedicated/v1/complete-contract",
          "fixtures": [
            "reference",
            "compose",
            "images",
            "native-fixture"
          ],
          "gate": "acceptance",
          "id": "SB-04.complete-contract",
          "kind": "runtime",
          "runner": ""
        },
        {
          "command": [],
          "contract": "SB-04/native-dedicated/v1/production",
          "fixtures": [
            "reference",
            "compose",
            "images",
            "native-fixture"
          ],
          "gate": "production",
          "id": "SB-04.production",
          "kind": "runtime",
          "runner": ""
        }
      ],
      "source": {
        "algorithm": "sbarbase-public-source-v1",
        "files": 531,
        "sha256": "2c1f7e3416b64b0e66f85ae590573672443c391a80467b193b4f56bbf815b420"
      },
      "title": "Concurrent Storage backup adversarial fixture"
    },
    {
      "acceptance": "unproven",
      "capability": "SB-04",
      "contract": "SB-04/cloud-only/v1",
      "errors": [],
      "evidence": {
        "acceptance": [],
        "production": []
      },
      "history": [],
      "host_profile": "managed-platform-unavailable",
      "implementation": "unsupported",
      "limitations": [
        "No current execution proof is admitted. Historical source, unit and fragment results do not establish this complete contract.",
        "Production, independent-host recovery and workload support remain unproven.",
        "Managed platform equivalence is unsupported; no runnable local proof contract is offered."
      ],
      "placement": "cloud-only",
      "production": "unproven",
      "required_tests": [
        {
          "command": [],
          "contract": "SB-04/cloud-only/v1/complete-contract",
          "fixtures": [
            "reference",
            "compose",
            "images",
            "native-fixture"
          ],
          "gate": "acceptance",
          "id": "SB-04.complete-contract",
          "kind": "runtime",
          "runner": ""
        },
        {
          "command": [],
          "contract": "SB-04/cloud-only/v1/production",
          "fixtures": [
            "reference",
            "compose",
            "images",
            "native-fixture"
          ],
          "gate": "production",
          "id": "SB-04.production",
          "kind": "runtime",
          "runner": ""
        }
      ],
      "source": {
        "algorithm": "sbarbase-public-source-v1",
        "files": 531,
        "sha256": "2c1f7e3416b64b0e66f85ae590573672443c391a80467b193b4f56bbf815b420"
      },
      "title": "Concurrent Storage backup adversarial fixture"
    },
    {
      "acceptance": "unproven",
      "capability": "SB-05",
      "contract": "SB-05/legacy-shared/v1",
      "errors": [],
      "evidence": {
        "acceptance": [],
        "production": []
      },
      "history": [
        {
          "path": "docs/engineering/gauntlet-ledger.json",
          "pointer": "/fenced_staged_restore"
        }
      ],
      "host_profile": "linux-containers-unpromoted",
      "implementation": "partial",
      "limitations": [
        "No current execution proof is admitted. Historical source, unit and fragment results do not establish this complete contract.",
        "Production, independent-host recovery and workload support remain unproven.",
        "Legacy PostgreSQL uses postgres:17-alpine in lab/images.lock.json; it is not the original Supabase PostgreSQL image. Shared resources are a shared failure boundary."
      ],
      "placement": "legacy-shared",
      "production": "unproven",
      "required_tests": [
        {
          "command": [],
          "contract": "SB-05/legacy-shared/v1/complete-contract",
          "fixtures": [
            "reference",
            "compose",
            "images",
            "native-fixture"
          ],
          "gate": "acceptance",
          "id": "SB-05.complete-contract",
          "kind": "runtime",
          "runner": "lab/restore-drill-check.ts"
        },
        {
          "command": [],
          "contract": "SB-05/legacy-shared/v1/production",
          "fixtures": [
            "reference",
            "compose",
            "images",
            "native-fixture"
          ],
          "gate": "production",
          "id": "SB-05.production",
          "kind": "runtime",
          "runner": ""
        }
      ],
      "source": {
        "algorithm": "sbarbase-public-source-v1",
        "files": 531,
        "sha256": "2c1f7e3416b64b0e66f85ae590573672443c391a80467b193b4f56bbf815b420"
      },
      "title": "Complete encrypted application recovery"
    },
    {
      "acceptance": "unproven",
      "capability": "SB-05",
      "contract": "SB-05/native-dedicated/v1",
      "errors": [],
      "evidence": {
        "acceptance": [],
        "production": []
      },
      "history": [
        {
          "path": "docs/engineering/gauntlet-ledger.json",
          "pointer": "/fenced_staged_restore"
        }
      ],
      "host_profile": "linux-containers-unpromoted",
      "implementation": "partial",
      "limitations": [
        "No current execution proof is admitted. Historical source, unit and fragment results do not establish this complete contract.",
        "Production, independent-host recovery and workload support remain unproven.",
        "Native startup, SDK flow and fenced recovery must pass together before feature admission. Original Cron effects alone do not accept SB-13a."
      ],
      "placement": "native-dedicated",
      "production": "unproven",
      "required_tests": [
        {
          "command": [],
          "contract": "SB-05/native-dedicated/v1/complete-contract",
          "fixtures": [
            "reference",
            "compose",
            "images",
            "native-fixture"
          ],
          "gate": "acceptance",
          "id": "SB-05.complete-contract",
          "kind": "runtime",
          "runner": "lab/restore-drill-check.ts"
        },
        {
          "command": [],
          "contract": "SB-05/native-dedicated/v1/production",
          "fixtures": [
            "reference",
            "compose",
            "images",
            "native-fixture"
          ],
          "gate": "production",
          "id": "SB-05.production",
          "kind": "runtime",
          "runner": ""
        }
      ],
      "source": {
        "algorithm": "sbarbase-public-source-v1",
        "files": 531,
        "sha256": "2c1f7e3416b64b0e66f85ae590573672443c391a80467b193b4f56bbf815b420"
      },
      "title": "Complete encrypted application recovery"
    },
    {
      "acceptance": "unproven",
      "capability": "SB-05",
      "contract": "SB-05/cloud-only/v1",
      "errors": [],
      "evidence": {
        "acceptance": [],
        "production": []
      },
      "history": [
        {
          "path": "docs/engineering/gauntlet-ledger.json",
          "pointer": "/fenced_staged_restore"
        }
      ],
      "host_profile": "managed-platform-unavailable",
      "implementation": "unsupported",
      "limitations": [
        "No current execution proof is admitted. Historical source, unit and fragment results do not establish this complete contract.",
        "Production, independent-host recovery and workload support remain unproven.",
        "Managed platform equivalence is unsupported; no runnable local proof contract is offered."
      ],
      "placement": "cloud-only",
      "production": "unproven",
      "required_tests": [
        {
          "command": [],
          "contract": "SB-05/cloud-only/v1/complete-contract",
          "fixtures": [
            "reference",
            "compose",
            "images",
            "native-fixture"
          ],
          "gate": "acceptance",
          "id": "SB-05.complete-contract",
          "kind": "runtime",
          "runner": ""
        },
        {
          "command": [],
          "contract": "SB-05/cloud-only/v1/production",
          "fixtures": [
            "reference",
            "compose",
            "images",
            "native-fixture"
          ],
          "gate": "production",
          "id": "SB-05.production",
          "kind": "runtime",
          "runner": ""
        }
      ],
      "source": {
        "algorithm": "sbarbase-public-source-v1",
        "files": 531,
        "sha256": "2c1f7e3416b64b0e66f85ae590573672443c391a80467b193b4f56bbf815b420"
      },
      "title": "Complete encrypted application recovery"
    },
    {
      "acceptance": "unproven",
      "capability": "SB-06",
      "contract": "SB-06/legacy-shared/v1",
      "errors": [],
      "evidence": {
        "acceptance": [],
        "production": []
      },
      "history": [],
      "host_profile": "linux-containers-unpromoted",
      "implementation": "partial",
      "limitations": [
        "No current execution proof is admitted. Historical source, unit and fragment results do not establish this complete contract.",
        "Production, independent-host recovery and workload support remain unproven.",
        "Legacy PostgreSQL uses postgres:17-alpine in lab/images.lock.json; it is not the original Supabase PostgreSQL image. Shared resources are a shared failure boundary."
      ],
      "placement": "legacy-shared",
      "production": "unproven",
      "required_tests": [
        {
          "command": [],
          "contract": "SB-06/legacy-shared/v1/complete-contract",
          "fixtures": [
            "reference",
            "compose",
            "images",
            "native-fixture"
          ],
          "gate": "acceptance",
          "id": "SB-06.complete-contract",
          "kind": "runtime",
          "runner": "lab/management-check.ts"
        },
        {
          "command": [],
          "contract": "SB-06/legacy-shared/v1/production",
          "fixtures": [
            "reference",
            "compose",
            "images",
            "native-fixture"
          ],
          "gate": "production",
          "id": "SB-06.production",
          "kind": "runtime",
          "runner": ""
        }
      ],
      "source": {
        "algorithm": "sbarbase-public-source-v1",
        "files": 531,
        "sha256": "2c1f7e3416b64b0e66f85ae590573672443c391a80467b193b4f56bbf815b420"
      },
      "title": "Management MFA, rate limits and transfer rotation"
    },
    {
      "acceptance": "unproven",
      "capability": "SB-06",
      "contract": "SB-06/native-dedicated/v1",
      "errors": [],
      "evidence": {
        "acceptance": [],
        "production": []
      },
      "history": [],
      "host_profile": "linux-containers-unpromoted",
      "implementation": "partial",
      "limitations": [
        "No current execution proof is admitted. Historical source, unit and fragment results do not establish this complete contract.",
        "Production, independent-host recovery and workload support remain unproven.",
        "Native startup, SDK flow and fenced recovery must pass together before feature admission. Original Cron effects alone do not accept SB-13a."
      ],
      "placement": "native-dedicated",
      "production": "unproven",
      "required_tests": [
        {
          "command": [],
          "contract": "SB-06/native-dedicated/v1/complete-contract",
          "fixtures": [
            "reference",
            "compose",
            "images",
            "native-fixture"
          ],
          "gate": "acceptance",
          "id": "SB-06.complete-contract",
          "kind": "runtime",
          "runner": "lab/management-check.ts"
        },
        {
          "command": [],
          "contract": "SB-06/native-dedicated/v1/production",
          "fixtures": [
            "reference",
            "compose",
            "images",
            "native-fixture"
          ],
          "gate": "production",
          "id": "SB-06.production",
          "kind": "runtime",
          "runner": ""
        }
      ],
      "source": {
        "algorithm": "sbarbase-public-source-v1",
        "files": 531,
        "sha256": "2c1f7e3416b64b0e66f85ae590573672443c391a80467b193b4f56bbf815b420"
      },
      "title": "Management MFA, rate limits and transfer rotation"
    },
    {
      "acceptance": "unproven",
      "capability": "SB-06",
      "contract": "SB-06/cloud-only/v1",
      "errors": [],
      "evidence": {
        "acceptance": [],
        "production": []
      },
      "history": [],
      "host_profile": "managed-platform-unavailable",
      "implementation": "unsupported",
      "limitations": [
        "No current execution proof is admitted. Historical source, unit and fragment results do not establish this complete contract.",
        "Production, independent-host recovery and workload support remain unproven.",
        "Managed platform equivalence is unsupported; no runnable local proof contract is offered."
      ],
      "placement": "cloud-only",
      "production": "unproven",
      "required_tests": [
        {
          "command": [],
          "contract": "SB-06/cloud-only/v1/complete-contract",
          "fixtures": [
            "reference",
            "compose",
            "images",
            "native-fixture"
          ],
          "gate": "acceptance",
          "id": "SB-06.complete-contract",
          "kind": "runtime",
          "runner": ""
        },
        {
          "command": [],
          "contract": "SB-06/cloud-only/v1/production",
          "fixtures": [
            "reference",
            "compose",
            "images",
            "native-fixture"
          ],
          "gate": "production",
          "id": "SB-06.production",
          "kind": "runtime",
          "runner": ""
        }
      ],
      "source": {
        "algorithm": "sbarbase-public-source-v1",
        "files": 531,
        "sha256": "2c1f7e3416b64b0e66f85ae590573672443c391a80467b193b4f56bbf815b420"
      },
      "title": "Management MFA, rate limits and transfer rotation"
    },
    {
      "acceptance": "unproven",
      "capability": "SB-07",
      "contract": "SB-07/legacy-shared/v1",
      "errors": [],
      "evidence": {
        "acceptance": [],
        "production": []
      },
      "history": [],
      "host_profile": "linux-containers-unpromoted",
      "implementation": "partial",
      "limitations": [
        "No current execution proof is admitted. Historical source, unit and fragment results do not establish this complete contract.",
        "Production, independent-host recovery and workload support remain unproven.",
        "Legacy PostgreSQL uses postgres:17-alpine in lab/images.lock.json; it is not the original Supabase PostgreSQL image. Shared resources are a shared failure boundary."
      ],
      "placement": "legacy-shared",
      "production": "unproven",
      "required_tests": [
        {
          "command": [],
          "contract": "SB-07/legacy-shared/v1/complete-contract",
          "fixtures": [
            "reference",
            "compose",
            "images",
            "native-fixture"
          ],
          "gate": "acceptance",
          "id": "SB-07.complete-contract",
          "kind": "runtime",
          "runner": "lab/target-lifecycle-check.py"
        },
        {
          "command": [],
          "contract": "SB-07/legacy-shared/v1/production",
          "fixtures": [
            "reference",
            "compose",
            "images",
            "native-fixture"
          ],
          "gate": "production",
          "id": "SB-07.production",
          "kind": "runtime",
          "runner": ""
        }
      ],
      "source": {
        "algorithm": "sbarbase-public-source-v1",
        "files": 531,
        "sha256": "2c1f7e3416b64b0e66f85ae590573672443c391a80467b193b4f56bbf815b420"
      },
      "title": "Soft delete, retention and purge"
    },
    {
      "acceptance": "unproven",
      "capability": "SB-07",
      "contract": "SB-07/native-dedicated/v1",
      "errors": [],
      "evidence": {
        "acceptance": [],
        "production": []
      },
      "history": [],
      "host_profile": "linux-containers-unpromoted",
      "implementation": "partial",
      "limitations": [
        "No current execution proof is admitted. Historical source, unit and fragment results do not establish this complete contract.",
        "Production, independent-host recovery and workload support remain unproven.",
        "Native startup, SDK flow and fenced recovery must pass together before feature admission. Original Cron effects alone do not accept SB-13a."
      ],
      "placement": "native-dedicated",
      "production": "unproven",
      "required_tests": [
        {
          "command": [],
          "contract": "SB-07/native-dedicated/v1/complete-contract",
          "fixtures": [
            "reference",
            "compose",
            "images",
            "native-fixture"
          ],
          "gate": "acceptance",
          "id": "SB-07.complete-contract",
          "kind": "runtime",
          "runner": "lab/target-lifecycle-check.py"
        },
        {
          "command": [],
          "contract": "SB-07/native-dedicated/v1/production",
          "fixtures": [
            "reference",
            "compose",
            "images",
            "native-fixture"
          ],
          "gate": "production",
          "id": "SB-07.production",
          "kind": "runtime",
          "runner": ""
        }
      ],
      "source": {
        "algorithm": "sbarbase-public-source-v1",
        "files": 531,
        "sha256": "2c1f7e3416b64b0e66f85ae590573672443c391a80467b193b4f56bbf815b420"
      },
      "title": "Soft delete, retention and purge"
    },
    {
      "acceptance": "unproven",
      "capability": "SB-07",
      "contract": "SB-07/cloud-only/v1",
      "errors": [],
      "evidence": {
        "acceptance": [],
        "production": []
      },
      "history": [],
      "host_profile": "managed-platform-unavailable",
      "implementation": "unsupported",
      "limitations": [
        "No current execution proof is admitted. Historical source, unit and fragment results do not establish this complete contract.",
        "Production, independent-host recovery and workload support remain unproven.",
        "Managed platform equivalence is unsupported; no runnable local proof contract is offered."
      ],
      "placement": "cloud-only",
      "production": "unproven",
      "required_tests": [
        {
          "command": [],
          "contract": "SB-07/cloud-only/v1/complete-contract",
          "fixtures": [
            "reference",
            "compose",
            "images",
            "native-fixture"
          ],
          "gate": "acceptance",
          "id": "SB-07.complete-contract",
          "kind": "runtime",
          "runner": ""
        },
        {
          "command": [],
          "contract": "SB-07/cloud-only/v1/production",
          "fixtures": [
            "reference",
            "compose",
            "images",
            "native-fixture"
          ],
          "gate": "production",
          "id": "SB-07.production",
          "kind": "runtime",
          "runner": ""
        }
      ],
      "source": {
        "algorithm": "sbarbase-public-source-v1",
        "files": 531,
        "sha256": "2c1f7e3416b64b0e66f85ae590573672443c391a80467b193b4f56bbf815b420"
      },
      "title": "Soft delete, retention and purge"
    },
    {
      "acceptance": "unproven",
      "capability": "SB-08",
      "contract": "SB-08/legacy-shared/v1",
      "errors": [],
      "evidence": {
        "acceptance": [],
        "production": []
      },
      "history": [],
      "host_profile": "linux-containers-unpromoted",
      "implementation": "partial",
      "limitations": [
        "No current execution proof is admitted. Historical source, unit and fragment results do not establish this complete contract.",
        "Production, independent-host recovery and workload support remain unproven.",
        "Legacy PostgreSQL uses postgres:17-alpine in lab/images.lock.json; it is not the original Supabase PostgreSQL image. Shared resources are a shared failure boundary."
      ],
      "placement": "legacy-shared",
      "production": "unproven",
      "required_tests": [
        {
          "command": [],
          "contract": "SB-08/legacy-shared/v1/complete-contract",
          "fixtures": [
            "reference",
            "compose",
            "images",
            "native-fixture"
          ],
          "gate": "acceptance",
          "id": "SB-08.complete-contract",
          "kind": "runtime",
          "runner": "lab/mail-check.py"
        },
        {
          "command": [],
          "contract": "SB-08/legacy-shared/v1/production",
          "fixtures": [
            "reference",
            "compose",
            "images",
            "native-fixture"
          ],
          "gate": "production",
          "id": "SB-08.production",
          "kind": "runtime",
          "runner": ""
        }
      ],
      "source": {
        "algorithm": "sbarbase-public-source-v1",
        "files": 531,
        "sha256": "2c1f7e3416b64b0e66f85ae590573672443c391a80467b193b4f56bbf815b420"
      },
      "title": "Guided domains, TLS and email"
    },
    {
      "acceptance": "unproven",
      "capability": "SB-08",
      "contract": "SB-08/native-dedicated/v1",
      "errors": [],
      "evidence": {
        "acceptance": [],
        "production": []
      },
      "history": [],
      "host_profile": "linux-containers-unpromoted",
      "implementation": "partial",
      "limitations": [
        "No current execution proof is admitted. Historical source, unit and fragment results do not establish this complete contract.",
        "Production, independent-host recovery and workload support remain unproven.",
        "Native startup, SDK flow and fenced recovery must pass together before feature admission. Original Cron effects alone do not accept SB-13a."
      ],
      "placement": "native-dedicated",
      "production": "unproven",
      "required_tests": [
        {
          "command": [],
          "contract": "SB-08/native-dedicated/v1/complete-contract",
          "fixtures": [
            "reference",
            "compose",
            "images",
            "native-fixture"
          ],
          "gate": "acceptance",
          "id": "SB-08.complete-contract",
          "kind": "runtime",
          "runner": "lab/mail-check.py"
        },
        {
          "command": [],
          "contract": "SB-08/native-dedicated/v1/production",
          "fixtures": [
            "reference",
            "compose",
            "images",
            "native-fixture"
          ],
          "gate": "production",
          "id": "SB-08.production",
          "kind": "runtime",
          "runner": ""
        }
      ],
      "source": {
        "algorithm": "sbarbase-public-source-v1",
        "files": 531,
        "sha256": "2c1f7e3416b64b0e66f85ae590573672443c391a80467b193b4f56bbf815b420"
      },
      "title": "Guided domains, TLS and email"
    },
    {
      "acceptance": "unproven",
      "capability": "SB-08",
      "contract": "SB-08/cloud-only/v1",
      "errors": [],
      "evidence": {
        "acceptance": [],
        "production": []
      },
      "history": [],
      "host_profile": "managed-platform-unavailable",
      "implementation": "unsupported",
      "limitations": [
        "No current execution proof is admitted. Historical source, unit and fragment results do not establish this complete contract.",
        "Production, independent-host recovery and workload support remain unproven.",
        "Managed platform equivalence is unsupported; no runnable local proof contract is offered."
      ],
      "placement": "cloud-only",
      "production": "unproven",
      "required_tests": [
        {
          "command": [],
          "contract": "SB-08/cloud-only/v1/complete-contract",
          "fixtures": [
            "reference",
            "compose",
            "images",
            "native-fixture"
          ],
          "gate": "acceptance",
          "id": "SB-08.complete-contract",
          "kind": "runtime",
          "runner": ""
        },
        {
          "command": [],
          "contract": "SB-08/cloud-only/v1/production",
          "fixtures": [
            "reference",
            "compose",
            "images",
            "native-fixture"
          ],
          "gate": "production",
          "id": "SB-08.production",
          "kind": "runtime",
          "runner": ""
        }
      ],
      "source": {
        "algorithm": "sbarbase-public-source-v1",
        "files": 531,
        "sha256": "2c1f7e3416b64b0e66f85ae590573672443c391a80467b193b4f56bbf815b420"
      },
      "title": "Guided domains, TLS and email"
    },
    {
      "acceptance": "unproven",
      "capability": "SB-09",
      "contract": "SB-09/legacy-shared/v1",
      "errors": [],
      "evidence": {
        "acceptance": [],
        "production": []
      },
      "history": [],
      "host_profile": "linux-containers-unpromoted",
      "implementation": "planned",
      "limitations": [
        "No current execution proof is admitted. Historical source, unit and fragment results do not establish this complete contract.",
        "Production, independent-host recovery and workload support remain unproven.",
        "Legacy PostgreSQL uses postgres:17-alpine in lab/images.lock.json; it is not the original Supabase PostgreSQL image. Shared resources are a shared failure boundary."
      ],
      "placement": "legacy-shared",
      "production": "unproven",
      "required_tests": [
        {
          "command": [],
          "contract": "SB-09/legacy-shared/v1/complete-contract",
          "fixtures": [
            "reference",
            "compose",
            "images",
            "native-fixture"
          ],
          "gate": "acceptance",
          "id": "SB-09.complete-contract",
          "kind": "runtime",
          "runner": ""
        },
        {
          "command": [],
          "contract": "SB-09/legacy-shared/v1/production",
          "fixtures": [
            "reference",
            "compose",
            "images",
            "native-fixture"
          ],
          "gate": "production",
          "id": "SB-09.production",
          "kind": "runtime",
          "runner": ""
        }
      ],
      "source": {
        "algorithm": "sbarbase-public-source-v1",
        "files": 531,
        "sha256": "2c1f7e3416b64b0e66f85ae590573672443c391a80467b193b4f56bbf815b420"
      },
      "title": "Pooler and SQL migration workflow"
    },
    {
      "acceptance": "unproven",
      "capability": "SB-09",
      "contract": "SB-09/native-dedicated/v1",
      "errors": [],
      "evidence": {
        "acceptance": [],
        "production": []
      },
      "history": [],
      "host_profile": "linux-containers-unpromoted",
      "implementation": "planned",
      "limitations": [
        "No current execution proof is admitted. Historical source, unit and fragment results do not establish this complete contract.",
        "Production, independent-host recovery and workload support remain unproven.",
        "Native startup, SDK flow and fenced recovery must pass together before feature admission. Original Cron effects alone do not accept SB-13a."
      ],
      "placement": "native-dedicated",
      "production": "unproven",
      "required_tests": [
        {
          "command": [],
          "contract": "SB-09/native-dedicated/v1/complete-contract",
          "fixtures": [
            "reference",
            "compose",
            "images",
            "native-fixture"
          ],
          "gate": "acceptance",
          "id": "SB-09.complete-contract",
          "kind": "runtime",
          "runner": ""
        },
        {
          "command": [],
          "contract": "SB-09/native-dedicated/v1/production",
          "fixtures": [
            "reference",
            "compose",
            "images",
            "native-fixture"
          ],
          "gate": "production",
          "id": "SB-09.production",
          "kind": "runtime",
          "runner": ""
        }
      ],
      "source": {
        "algorithm": "sbarbase-public-source-v1",
        "files": 531,
        "sha256": "2c1f7e3416b64b0e66f85ae590573672443c391a80467b193b4f56bbf815b420"
      },
      "title": "Pooler and SQL migration workflow"
    },
    {
      "acceptance": "unproven",
      "capability": "SB-09",
      "contract": "SB-09/cloud-only/v1",
      "errors": [],
      "evidence": {
        "acceptance": [],
        "production": []
      },
      "history": [],
      "host_profile": "managed-platform-unavailable",
      "implementation": "unsupported",
      "limitations": [
        "No current execution proof is admitted. Historical source, unit and fragment results do not establish this complete contract.",
        "Production, independent-host recovery and workload support remain unproven.",
        "Managed platform equivalence is unsupported; no runnable local proof contract is offered."
      ],
      "placement": "cloud-only",
      "production": "unproven",
      "required_tests": [
        {
          "command": [],
          "contract": "SB-09/cloud-only/v1/complete-contract",
          "fixtures": [
            "reference",
            "compose",
            "images",
            "native-fixture"
          ],
          "gate": "acceptance",
          "id": "SB-09.complete-contract",
          "kind": "runtime",
          "runner": ""
        },
        {
          "command": [],
          "contract": "SB-09/cloud-only/v1/production",
          "fixtures": [
            "reference",
            "compose",
            "images",
            "native-fixture"
          ],
          "gate": "production",
          "id": "SB-09.production",
          "kind": "runtime",
          "runner": ""
        }
      ],
      "source": {
        "algorithm": "sbarbase-public-source-v1",
        "files": 531,
        "sha256": "2c1f7e3416b64b0e66f85ae590573672443c391a80467b193b4f56bbf815b420"
      },
      "title": "Pooler and SQL migration workflow"
    },
    {
      "acceptance": "unproven",
      "capability": "SB-10",
      "contract": "SB-10/legacy-shared/v1",
      "errors": [],
      "evidence": {
        "acceptance": [],
        "production": []
      },
      "history": [],
      "host_profile": "linux-containers-unpromoted",
      "implementation": "partial",
      "limitations": [
        "No current execution proof is admitted. Historical source, unit and fragment results do not establish this complete contract.",
        "Production, independent-host recovery and workload support remain unproven.",
        "Legacy PostgreSQL uses postgres:17-alpine in lab/images.lock.json; it is not the original Supabase PostgreSQL image. Shared resources are a shared failure boundary."
      ],
      "placement": "legacy-shared",
      "production": "unproven",
      "required_tests": [
        {
          "command": [],
          "contract": "SB-10/legacy-shared/v1/complete-contract",
          "fixtures": [
            "reference",
            "compose",
            "images",
            "native-fixture"
          ],
          "gate": "acceptance",
          "id": "SB-10.complete-contract",
          "kind": "runtime",
          "runner": "lab/import-check.py"
        },
        {
          "command": [],
          "contract": "SB-10/legacy-shared/v1/production",
          "fixtures": [
            "reference",
            "compose",
            "images",
            "native-fixture"
          ],
          "gate": "production",
          "id": "SB-10.production",
          "kind": "runtime",
          "runner": ""
        }
      ],
      "source": {
        "algorithm": "sbarbase-public-source-v1",
        "files": 531,
        "sha256": "2c1f7e3416b64b0e66f85ae590573672443c391a80467b193b4f56bbf815b420"
      },
      "title": "Import inventory and custom schema support"
    },
    {
      "acceptance": "unproven",
      "capability": "SB-10",
      "contract": "SB-10/native-dedicated/v1",
      "errors": [],
      "evidence": {
        "acceptance": [],
        "production": []
      },
      "history": [],
      "host_profile": "linux-containers-unpromoted",
      "implementation": "partial",
      "limitations": [
        "No current execution proof is admitted. Historical source, unit and fragment results do not establish this complete contract.",
        "Production, independent-host recovery and workload support remain unproven.",
        "Native startup, SDK flow and fenced recovery must pass together before feature admission. Original Cron effects alone do not accept SB-13a."
      ],
      "placement": "native-dedicated",
      "production": "unproven",
      "required_tests": [
        {
          "command": [],
          "contract": "SB-10/native-dedicated/v1/complete-contract",
          "fixtures": [
            "reference",
            "compose",
            "images",
            "native-fixture"
          ],
          "gate": "acceptance",
          "id": "SB-10.complete-contract",
          "kind": "runtime",
          "runner": "lab/import-check.py"
        },
        {
          "command": [],
          "contract": "SB-10/native-dedicated/v1/production",
          "fixtures": [
            "reference",
            "compose",
            "images",
            "native-fixture"
          ],
          "gate": "production",
          "id": "SB-10.production",
          "kind": "runtime",
          "runner": ""
        }
      ],
      "source": {
        "algorithm": "sbarbase-public-source-v1",
        "files": 531,
        "sha256": "2c1f7e3416b64b0e66f85ae590573672443c391a80467b193b4f56bbf815b420"
      },
      "title": "Import inventory and custom schema support"
    },
    {
      "acceptance": "unproven",
      "capability": "SB-10",
      "contract": "SB-10/cloud-only/v1",
      "errors": [],
      "evidence": {
        "acceptance": [],
        "production": []
      },
      "history": [],
      "host_profile": "managed-platform-unavailable",
      "implementation": "unsupported",
      "limitations": [
        "No current execution proof is admitted. Historical source, unit and fragment results do not establish this complete contract.",
        "Production, independent-host recovery and workload support remain unproven.",
        "Managed platform equivalence is unsupported; no runnable local proof contract is offered."
      ],
      "placement": "cloud-only",
      "production": "unproven",
      "required_tests": [
        {
          "command": [],
          "contract": "SB-10/cloud-only/v1/complete-contract",
          "fixtures": [
            "reference",
            "compose",
            "images",
            "native-fixture"
          ],
          "gate": "acceptance",
          "id": "SB-10.complete-contract",
          "kind": "runtime",
          "runner": ""
        },
        {
          "command": [],
          "contract": "SB-10/cloud-only/v1/production",
          "fixtures": [
            "reference",
            "compose",
            "images",
            "native-fixture"
          ],
          "gate": "production",
          "id": "SB-10.production",
          "kind": "runtime",
          "runner": ""
        }
      ],
      "source": {
        "algorithm": "sbarbase-public-source-v1",
        "files": 531,
        "sha256": "2c1f7e3416b64b0e66f85ae590573672443c391a80467b193b4f56bbf815b420"
      },
      "title": "Import inventory and custom schema support"
    },
    {
      "acceptance": "unproven",
      "capability": "SB-11",
      "contract": "SB-11/legacy-shared/v1",
      "errors": [],
      "evidence": {
        "acceptance": [],
        "production": []
      },
      "history": [],
      "host_profile": "linux-containers-unpromoted",
      "implementation": "partial",
      "limitations": [
        "No current execution proof is admitted. Historical source, unit and fragment results do not establish this complete contract.",
        "Production, independent-host recovery and workload support remain unproven.",
        "Legacy PostgreSQL uses postgres:17-alpine in lab/images.lock.json; it is not the original Supabase PostgreSQL image. Shared resources are a shared failure boundary."
      ],
      "placement": "legacy-shared",
      "production": "unproven",
      "required_tests": [
        {
          "command": [],
          "contract": "SB-11/legacy-shared/v1/complete-contract",
          "fixtures": [
            "reference",
            "compose",
            "images",
            "native-fixture"
          ],
          "gate": "acceptance",
          "id": "SB-11.complete-contract",
          "kind": "runtime",
          "runner": "lab/sdk-check.ts"
        },
        {
          "command": [],
          "contract": "SB-11/legacy-shared/v1/production",
          "fixtures": [
            "reference",
            "compose",
            "images",
            "native-fixture"
          ],
          "gate": "production",
          "id": "SB-11.production",
          "kind": "runtime",
          "runner": ""
        }
      ],
      "source": {
        "algorithm": "sbarbase-public-source-v1",
        "files": 531,
        "sha256": "2c1f7e3416b64b0e66f85ae590573672443c391a80467b193b4f56bbf815b420"
      },
      "title": "Feature configuration and recovery"
    },
    {
      "acceptance": "unproven",
      "capability": "SB-11",
      "contract": "SB-11/native-dedicated/v1",
      "errors": [],
      "evidence": {
        "acceptance": [],
        "production": []
      },
      "history": [],
      "host_profile": "linux-containers-unpromoted",
      "implementation": "partial",
      "limitations": [
        "No current execution proof is admitted. Historical source, unit and fragment results do not establish this complete contract.",
        "Production, independent-host recovery and workload support remain unproven.",
        "Native startup, SDK flow and fenced recovery must pass together before feature admission. Original Cron effects alone do not accept SB-13a."
      ],
      "placement": "native-dedicated",
      "production": "unproven",
      "required_tests": [
        {
          "command": [],
          "contract": "SB-11/native-dedicated/v1/complete-contract",
          "fixtures": [
            "reference",
            "compose",
            "images",
            "native-fixture"
          ],
          "gate": "acceptance",
          "id": "SB-11.complete-contract",
          "kind": "runtime",
          "runner": "lab/sdk-check.ts"
        },
        {
          "command": [],
          "contract": "SB-11/native-dedicated/v1/production",
          "fixtures": [
            "reference",
            "compose",
            "images",
            "native-fixture"
          ],
          "gate": "production",
          "id": "SB-11.production",
          "kind": "runtime",
          "runner": ""
        }
      ],
      "source": {
        "algorithm": "sbarbase-public-source-v1",
        "files": 531,
        "sha256": "2c1f7e3416b64b0e66f85ae590573672443c391a80467b193b4f56bbf815b420"
      },
      "title": "Feature configuration and recovery"
    },
    {
      "acceptance": "unproven",
      "capability": "SB-11",
      "contract": "SB-11/cloud-only/v1",
      "errors": [],
      "evidence": {
        "acceptance": [],
        "production": []
      },
      "history": [],
      "host_profile": "managed-platform-unavailable",
      "implementation": "unsupported",
      "limitations": [
        "No current execution proof is admitted. Historical source, unit and fragment results do not establish this complete contract.",
        "Production, independent-host recovery and workload support remain unproven.",
        "Managed platform equivalence is unsupported; no runnable local proof contract is offered."
      ],
      "placement": "cloud-only",
      "production": "unproven",
      "required_tests": [
        {
          "command": [],
          "contract": "SB-11/cloud-only/v1/complete-contract",
          "fixtures": [
            "reference",
            "compose",
            "images",
            "native-fixture"
          ],
          "gate": "acceptance",
          "id": "SB-11.complete-contract",
          "kind": "runtime",
          "runner": ""
        },
        {
          "command": [],
          "contract": "SB-11/cloud-only/v1/production",
          "fixtures": [
            "reference",
            "compose",
            "images",
            "native-fixture"
          ],
          "gate": "production",
          "id": "SB-11.production",
          "kind": "runtime",
          "runner": ""
        }
      ],
      "source": {
        "algorithm": "sbarbase-public-source-v1",
        "files": 531,
        "sha256": "2c1f7e3416b64b0e66f85ae590573672443c391a80467b193b4f56bbf815b420"
      },
      "title": "Feature configuration and recovery"
    },
    {
      "acceptance": "unproven",
      "capability": "SB-12",
      "contract": "SB-12/legacy-shared/v1",
      "errors": [],
      "evidence": {
        "acceptance": [],
        "production": []
      },
      "history": [],
      "host_profile": "linux-containers-unpromoted",
      "implementation": "partial",
      "limitations": [
        "No current execution proof is admitted. Historical source, unit and fragment results do not establish this complete contract.",
        "Production, independent-host recovery and workload support remain unproven.",
        "Legacy PostgreSQL uses postgres:17-alpine in lab/images.lock.json; it is not the original Supabase PostgreSQL image. Shared resources are a shared failure boundary."
      ],
      "placement": "legacy-shared",
      "production": "unproven",
      "required_tests": [
        {
          "command": [],
          "contract": "SB-12/legacy-shared/v1/complete-contract",
          "fixtures": [
            "reference",
            "compose",
            "images",
            "native-fixture"
          ],
          "gate": "acceptance",
          "id": "SB-12.complete-contract",
          "kind": "runtime",
          "runner": "lab/noisy-neighbor-check.py"
        },
        {
          "command": [],
          "contract": "SB-12/legacy-shared/v1/production",
          "fixtures": [
            "reference",
            "compose",
            "images",
            "native-fixture"
          ],
          "gate": "production",
          "id": "SB-12.production",
          "kind": "runtime",
          "runner": ""
        }
      ],
      "source": {
        "algorithm": "sbarbase-public-source-v1",
        "files": 531,
        "sha256": "2c1f7e3416b64b0e66f85ae590573672443c391a80467b193b4f56bbf815b420"
      },
      "title": "Measured placement and developer previews"
    },
    {
      "acceptance": "unproven",
      "capability": "SB-12",
      "contract": "SB-12/native-dedicated/v1",
      "errors": [],
      "evidence": {
        "acceptance": [],
        "production": []
      },
      "history": [],
      "host_profile": "linux-containers-unpromoted",
      "implementation": "partial",
      "limitations": [
        "No current execution proof is admitted. Historical source, unit and fragment results do not establish this complete contract.",
        "Production, independent-host recovery and workload support remain unproven.",
        "Native startup, SDK flow and fenced recovery must pass together before feature admission. Original Cron effects alone do not accept SB-13a."
      ],
      "placement": "native-dedicated",
      "production": "unproven",
      "required_tests": [
        {
          "command": [],
          "contract": "SB-12/native-dedicated/v1/complete-contract",
          "fixtures": [
            "reference",
            "compose",
            "images",
            "native-fixture"
          ],
          "gate": "acceptance",
          "id": "SB-12.complete-contract",
          "kind": "runtime",
          "runner": "lab/noisy-neighbor-check.py"
        },
        {
          "command": [],
          "contract": "SB-12/native-dedicated/v1/production",
          "fixtures": [
            "reference",
            "compose",
            "images",
            "native-fixture"
          ],
          "gate": "production",
          "id": "SB-12.production",
          "kind": "runtime",
          "runner": ""
        }
      ],
      "source": {
        "algorithm": "sbarbase-public-source-v1",
        "files": 531,
        "sha256": "2c1f7e3416b64b0e66f85ae590573672443c391a80467b193b4f56bbf815b420"
      },
      "title": "Measured placement and developer previews"
    },
    {
      "acceptance": "unproven",
      "capability": "SB-12",
      "contract": "SB-12/cloud-only/v1",
      "errors": [],
      "evidence": {
        "acceptance": [],
        "production": []
      },
      "history": [],
      "host_profile": "managed-platform-unavailable",
      "implementation": "unsupported",
      "limitations": [
        "No current execution proof is admitted. Historical source, unit and fragment results do not establish this complete contract.",
        "Production, independent-host recovery and workload support remain unproven.",
        "Managed platform equivalence is unsupported; no runnable local proof contract is offered."
      ],
      "placement": "cloud-only",
      "production": "unproven",
      "required_tests": [
        {
          "command": [],
          "contract": "SB-12/cloud-only/v1/complete-contract",
          "fixtures": [
            "reference",
            "compose",
            "images",
            "native-fixture"
          ],
          "gate": "acceptance",
          "id": "SB-12.complete-contract",
          "kind": "runtime",
          "runner": ""
        },
        {
          "command": [],
          "contract": "SB-12/cloud-only/v1/production",
          "fixtures": [
            "reference",
            "compose",
            "images",
            "native-fixture"
          ],
          "gate": "production",
          "id": "SB-12.production",
          "kind": "runtime",
          "runner": ""
        }
      ],
      "source": {
        "algorithm": "sbarbase-public-source-v1",
        "files": 531,
        "sha256": "2c1f7e3416b64b0e66f85ae590573672443c391a80467b193b4f56bbf815b420"
      },
      "title": "Measured placement and developer previews"
    },
    {
      "acceptance": "unproven",
      "capability": "SB-13a",
      "contract": "SB-13a/legacy-shared/v1",
      "errors": [],
      "evidence": {
        "acceptance": [],
        "production": []
      },
      "history": [
        {
          "path": "docs/engineering/gauntlet-ledger.json",
          "pointer": "/configured_native_effects"
        },
        {
          "path": "docs/engineering/gauntlet-ledger.json",
          "pointer": "/native_configured_bootstrap"
        }
      ],
      "host_profile": "linux-containers-unpromoted",
      "implementation": "partial",
      "limitations": [
        "No current execution proof is admitted. Historical source, unit and fragment results do not establish this complete contract.",
        "Production, independent-host recovery and workload support remain unproven.",
        "Legacy PostgreSQL uses postgres:17-alpine in lab/images.lock.json; it is not the original Supabase PostgreSQL image. Shared resources are a shared failure boundary."
      ],
      "placement": "legacy-shared",
      "production": "unproven",
      "required_tests": [
        {
          "command": [],
          "contract": "SB-13a/legacy-shared/v1/original-startup",
          "fixtures": [
            "reference",
            "compose",
            "images",
            "native-fixture"
          ],
          "gate": "acceptance",
          "id": "SB-13a.original-startup",
          "kind": "runtime",
          "runner": "deploy/verify/native_bootstrap_inspect.py"
        },
        {
          "command": [],
          "contract": "SB-13a/legacy-shared/v1/native-identities",
          "fixtures": [
            "reference",
            "compose",
            "images",
            "native-fixture"
          ],
          "gate": "acceptance",
          "id": "SB-13a.native-identities",
          "kind": "runtime",
          "runner": "deploy/verify/native_worker_inspect.py"
        },
        {
          "command": [],
          "contract": "SB-13a/legacy-shared/v1/cron-http-effects",
          "fixtures": [
            "reference",
            "compose",
            "images",
            "native-fixture"
          ],
          "gate": "acceptance",
          "id": "SB-13a.cron-http-effects",
          "kind": "runtime",
          "runner": "deploy/verify/native_configured_effects_inspect.py"
        },
        {
          "command": [],
          "contract": "SB-13a/legacy-shared/v1/sdk-flow",
          "fixtures": [
            "reference",
            "compose",
            "images",
            "native-fixture"
          ],
          "gate": "acceptance",
          "id": "SB-13a.sdk-flow",
          "kind": "runtime",
          "runner": "lab/sdk-check.ts"
        },
        {
          "command": [],
          "contract": "SB-13a/legacy-shared/v1/fenced-recovery",
          "fixtures": [
            "reference",
            "compose",
            "images",
            "native-fixture"
          ],
          "gate": "acceptance",
          "id": "SB-13a.fenced-recovery",
          "kind": "runtime",
          "runner": "deploy/verify/fenced_restore_inspect.py"
        },
        {
          "command": [],
          "contract": "SB-13a/legacy-shared/v1/production",
          "fixtures": [
            "reference",
            "compose",
            "images",
            "native-fixture"
          ],
          "gate": "production",
          "id": "SB-13a.production",
          "kind": "runtime",
          "runner": ""
        }
      ],
      "source": {
        "algorithm": "sbarbase-public-source-v1",
        "files": 531,
        "sha256": "2c1f7e3416b64b0e66f85ae590573672443c391a80467b193b4f56bbf815b420"
      },
      "title": "Native dedicated placement admission"
    },
    {
      "acceptance": "unproven",
      "capability": "SB-13a",
      "contract": "SB-13a/native-dedicated/v1",
      "errors": [],
      "evidence": {
        "acceptance": [],
        "production": []
      },
      "history": [
        {
          "path": "docs/engineering/gauntlet-ledger.json",
          "pointer": "/configured_native_effects"
        },
        {
          "path": "docs/engineering/gauntlet-ledger.json",
          "pointer": "/native_configured_bootstrap"
        }
      ],
      "host_profile": "linux-containers-unpromoted",
      "implementation": "partial",
      "limitations": [
        "No current execution proof is admitted. Historical source, unit and fragment results do not establish this complete contract.",
        "Production, independent-host recovery and workload support remain unproven.",
        "Native startup, SDK flow and fenced recovery must pass together before feature admission. Original Cron effects alone do not accept SB-13a."
      ],
      "placement": "native-dedicated",
      "production": "unproven",
      "required_tests": [
        {
          "command": [],
          "contract": "SB-13a/native-dedicated/v1/original-startup",
          "fixtures": [
            "reference",
            "compose",
            "images",
            "native-fixture"
          ],
          "gate": "acceptance",
          "id": "SB-13a.original-startup",
          "kind": "runtime",
          "runner": "deploy/verify/native_bootstrap_inspect.py"
        },
        {
          "command": [],
          "contract": "SB-13a/native-dedicated/v1/native-identities",
          "fixtures": [
            "reference",
            "compose",
            "images",
            "native-fixture"
          ],
          "gate": "acceptance",
          "id": "SB-13a.native-identities",
          "kind": "runtime",
          "runner": "deploy/verify/native_worker_inspect.py"
        },
        {
          "command": [],
          "contract": "SB-13a/native-dedicated/v1/cron-http-effects",
          "fixtures": [
            "reference",
            "compose",
            "images",
            "native-fixture"
          ],
          "gate": "acceptance",
          "id": "SB-13a.cron-http-effects",
          "kind": "runtime",
          "runner": "deploy/verify/native_configured_effects_inspect.py"
        },
        {
          "command": [],
          "contract": "SB-13a/native-dedicated/v1/sdk-flow",
          "fixtures": [
            "reference",
            "compose",
            "images",
            "native-fixture"
          ],
          "gate": "acceptance",
          "id": "SB-13a.sdk-flow",
          "kind": "runtime",
          "runner": "lab/sdk-check.ts"
        },
        {
          "command": [],
          "contract": "SB-13a/native-dedicated/v1/fenced-recovery",
          "fixtures": [
            "reference",
            "compose",
            "images",
            "native-fixture"
          ],
          "gate": "acceptance",
          "id": "SB-13a.fenced-recovery",
          "kind": "runtime",
          "runner": "deploy/verify/fenced_restore_inspect.py"
        },
        {
          "command": [],
          "contract": "SB-13a/native-dedicated/v1/production",
          "fixtures": [
            "reference",
            "compose",
            "images",
            "native-fixture"
          ],
          "gate": "production",
          "id": "SB-13a.production",
          "kind": "runtime",
          "runner": ""
        }
      ],
      "source": {
        "algorithm": "sbarbase-public-source-v1",
        "files": 531,
        "sha256": "2c1f7e3416b64b0e66f85ae590573672443c391a80467b193b4f56bbf815b420"
      },
      "title": "Native dedicated placement admission"
    },
    {
      "acceptance": "unproven",
      "capability": "SB-13a",
      "contract": "SB-13a/cloud-only/v1",
      "errors": [],
      "evidence": {
        "acceptance": [],
        "production": []
      },
      "history": [
        {
          "path": "docs/engineering/gauntlet-ledger.json",
          "pointer": "/configured_native_effects"
        },
        {
          "path": "docs/engineering/gauntlet-ledger.json",
          "pointer": "/native_configured_bootstrap"
        }
      ],
      "host_profile": "managed-platform-unavailable",
      "implementation": "unsupported",
      "limitations": [
        "No current execution proof is admitted. Historical source, unit and fragment results do not establish this complete contract.",
        "Production, independent-host recovery and workload support remain unproven.",
        "Managed platform equivalence is unsupported; no runnable local proof contract is offered."
      ],
      "placement": "cloud-only",
      "production": "unproven",
      "required_tests": [
        {
          "command": [],
          "contract": "SB-13a/cloud-only/v1/original-startup",
          "fixtures": [
            "reference",
            "compose",
            "images",
            "native-fixture"
          ],
          "gate": "acceptance",
          "id": "SB-13a.original-startup",
          "kind": "runtime",
          "runner": ""
        },
        {
          "command": [],
          "contract": "SB-13a/cloud-only/v1/native-identities",
          "fixtures": [
            "reference",
            "compose",
            "images",
            "native-fixture"
          ],
          "gate": "acceptance",
          "id": "SB-13a.native-identities",
          "kind": "runtime",
          "runner": ""
        },
        {
          "command": [],
          "contract": "SB-13a/cloud-only/v1/cron-http-effects",
          "fixtures": [
            "reference",
            "compose",
            "images",
            "native-fixture"
          ],
          "gate": "acceptance",
          "id": "SB-13a.cron-http-effects",
          "kind": "runtime",
          "runner": ""
        },
        {
          "command": [],
          "contract": "SB-13a/cloud-only/v1/sdk-flow",
          "fixtures": [
            "reference",
            "compose",
            "images",
            "native-fixture"
          ],
          "gate": "acceptance",
          "id": "SB-13a.sdk-flow",
          "kind": "runtime",
          "runner": ""
        },
        {
          "command": [],
          "contract": "SB-13a/cloud-only/v1/fenced-recovery",
          "fixtures": [
            "reference",
            "compose",
            "images",
            "native-fixture"
          ],
          "gate": "acceptance",
          "id": "SB-13a.fenced-recovery",
          "kind": "runtime",
          "runner": ""
        },
        {
          "command": [],
          "contract": "SB-13a/cloud-only/v1/production",
          "fixtures": [
            "reference",
            "compose",
            "images",
            "native-fixture"
          ],
          "gate": "production",
          "id": "SB-13a.production",
          "kind": "runtime",
          "runner": ""
        }
      ],
      "source": {
        "algorithm": "sbarbase-public-source-v1",
        "files": 531,
        "sha256": "2c1f7e3416b64b0e66f85ae590573672443c391a80467b193b4f56bbf815b420"
      },
      "title": "Native dedicated placement admission"
    },
    {
      "acceptance": "unproven",
      "capability": "SB-13b",
      "contract": "SB-13b/legacy-shared/v1",
      "errors": [],
      "evidence": {
        "acceptance": [],
        "production": []
      },
      "history": [],
      "host_profile": "linux-containers-unpromoted",
      "implementation": "planned",
      "limitations": [
        "No current execution proof is admitted. Historical source, unit and fragment results do not establish this complete contract.",
        "Production, independent-host recovery and workload support remain unproven.",
        "Legacy PostgreSQL uses postgres:17-alpine in lab/images.lock.json; it is not the original Supabase PostgreSQL image. Shared resources are a shared failure boundary."
      ],
      "placement": "legacy-shared",
      "production": "unproven",
      "required_tests": [
        {
          "command": [],
          "contract": "SB-13b/legacy-shared/v1/complete-contract",
          "fixtures": [
            "reference",
            "compose",
            "images",
            "native-fixture"
          ],
          "gate": "acceptance",
          "id": "SB-13b.complete-contract",
          "kind": "runtime",
          "runner": ""
        },
        {
          "command": [],
          "contract": "SB-13b/legacy-shared/v1/production",
          "fixtures": [
            "reference",
            "compose",
            "images",
            "native-fixture"
          ],
          "gate": "production",
          "id": "SB-13b.production",
          "kind": "runtime",
          "runner": ""
        }
      ],
      "source": {
        "algorithm": "sbarbase-public-source-v1",
        "files": 531,
        "sha256": "2c1f7e3416b64b0e66f85ae590573672443c391a80467b193b4f56bbf815b420"
      },
      "title": "Single writer transfer to a second host"
    },
    {
      "acceptance": "unproven",
      "capability": "SB-13b",
      "contract": "SB-13b/native-dedicated/v1",
      "errors": [],
      "evidence": {
        "acceptance": [],
        "production": []
      },
      "history": [],
      "host_profile": "linux-containers-unpromoted",
      "implementation": "planned",
      "limitations": [
        "No current execution proof is admitted. Historical source, unit and fragment results do not establish this complete contract.",
        "Production, independent-host recovery and workload support remain unproven.",
        "Native startup, SDK flow and fenced recovery must pass together before feature admission. Original Cron effects alone do not accept SB-13a."
      ],
      "placement": "native-dedicated",
      "production": "unproven",
      "required_tests": [
        {
          "command": [],
          "contract": "SB-13b/native-dedicated/v1/complete-contract",
          "fixtures": [
            "reference",
            "compose",
            "images",
            "native-fixture"
          ],
          "gate": "acceptance",
          "id": "SB-13b.complete-contract",
          "kind": "runtime",
          "runner": ""
        },
        {
          "command": [],
          "contract": "SB-13b/native-dedicated/v1/production",
          "fixtures": [
            "reference",
            "compose",
            "images",
            "native-fixture"
          ],
          "gate": "production",
          "id": "SB-13b.production",
          "kind": "runtime",
          "runner": ""
        }
      ],
      "source": {
        "algorithm": "sbarbase-public-source-v1",
        "files": 531,
        "sha256": "2c1f7e3416b64b0e66f85ae590573672443c391a80467b193b4f56bbf815b420"
      },
      "title": "Single writer transfer to a second host"
    },
    {
      "acceptance": "unproven",
      "capability": "SB-13b",
      "contract": "SB-13b/cloud-only/v1",
      "errors": [],
      "evidence": {
        "acceptance": [],
        "production": []
      },
      "history": [],
      "host_profile": "managed-platform-unavailable",
      "implementation": "unsupported",
      "limitations": [
        "No current execution proof is admitted. Historical source, unit and fragment results do not establish this complete contract.",
        "Production, independent-host recovery and workload support remain unproven.",
        "Managed platform equivalence is unsupported; no runnable local proof contract is offered."
      ],
      "placement": "cloud-only",
      "production": "unproven",
      "required_tests": [
        {
          "command": [],
          "contract": "SB-13b/cloud-only/v1/complete-contract",
          "fixtures": [
            "reference",
            "compose",
            "images",
            "native-fixture"
          ],
          "gate": "acceptance",
          "id": "SB-13b.complete-contract",
          "kind": "runtime",
          "runner": ""
        },
        {
          "command": [],
          "contract": "SB-13b/cloud-only/v1/production",
          "fixtures": [
            "reference",
            "compose",
            "images",
            "native-fixture"
          ],
          "gate": "production",
          "id": "SB-13b.production",
          "kind": "runtime",
          "runner": ""
        }
      ],
      "source": {
        "algorithm": "sbarbase-public-source-v1",
        "files": 531,
        "sha256": "2c1f7e3416b64b0e66f85ae590573672443c391a80467b193b4f56bbf815b420"
      },
      "title": "Single writer transfer to a second host"
    },
    {
      "acceptance": "unproven",
      "capability": "SB-14",
      "contract": "SB-14/legacy-shared/v1",
      "errors": [],
      "evidence": {
        "acceptance": [],
        "production": []
      },
      "history": [],
      "host_profile": "linux-containers-unpromoted",
      "implementation": "partial",
      "limitations": [
        "No current execution proof is admitted. Historical source, unit and fragment results do not establish this complete contract.",
        "Production, independent-host recovery and workload support remain unproven.",
        "Legacy PostgreSQL uses postgres:17-alpine in lab/images.lock.json; it is not the original Supabase PostgreSQL image. Shared resources are a shared failure boundary."
      ],
      "placement": "legacy-shared",
      "production": "unproven",
      "required_tests": [
        {
          "command": [],
          "contract": "SB-14/legacy-shared/v1/complete-contract",
          "fixtures": [
            "reference",
            "compose",
            "images",
            "native-fixture"
          ],
          "gate": "acceptance",
          "id": "SB-14.complete-contract",
          "kind": "runtime",
          "runner": "lab/observe-check.ts"
        },
        {
          "command": [],
          "contract": "SB-14/legacy-shared/v1/production",
          "fixtures": [
            "reference",
            "compose",
            "images",
            "native-fixture"
          ],
          "gate": "production",
          "id": "SB-14.production",
          "kind": "runtime",
          "runner": ""
        }
      ],
      "source": {
        "algorithm": "sbarbase-public-source-v1",
        "files": 531,
        "sha256": "2c1f7e3416b64b0e66f85ae590573672443c391a80467b193b4f56bbf815b420"
      },
      "title": "Disk, WAL, logs and independent diagnostics"
    },
    {
      "acceptance": "unproven",
      "capability": "SB-14",
      "contract": "SB-14/native-dedicated/v1",
      "errors": [],
      "evidence": {
        "acceptance": [],
        "production": []
      },
      "history": [],
      "host_profile": "linux-containers-unpromoted",
      "implementation": "partial",
      "limitations": [
        "No current execution proof is admitted. Historical source, unit and fragment results do not establish this complete contract.",
        "Production, independent-host recovery and workload support remain unproven.",
        "Native startup, SDK flow and fenced recovery must pass together before feature admission. Original Cron effects alone do not accept SB-13a."
      ],
      "placement": "native-dedicated",
      "production": "unproven",
      "required_tests": [
        {
          "command": [],
          "contract": "SB-14/native-dedicated/v1/complete-contract",
          "fixtures": [
            "reference",
            "compose",
            "images",
            "native-fixture"
          ],
          "gate": "acceptance",
          "id": "SB-14.complete-contract",
          "kind": "runtime",
          "runner": "lab/observe-check.ts"
        },
        {
          "command": [],
          "contract": "SB-14/native-dedicated/v1/production",
          "fixtures": [
            "reference",
            "compose",
            "images",
            "native-fixture"
          ],
          "gate": "production",
          "id": "SB-14.production",
          "kind": "runtime",
          "runner": ""
        }
      ],
      "source": {
        "algorithm": "sbarbase-public-source-v1",
        "files": 531,
        "sha256": "2c1f7e3416b64b0e66f85ae590573672443c391a80467b193b4f56bbf815b420"
      },
      "title": "Disk, WAL, logs and independent diagnostics"
    },
    {
      "acceptance": "unproven",
      "capability": "SB-14",
      "contract": "SB-14/cloud-only/v1",
      "errors": [],
      "evidence": {
        "acceptance": [],
        "production": []
      },
      "history": [],
      "host_profile": "managed-platform-unavailable",
      "implementation": "unsupported",
      "limitations": [
        "No current execution proof is admitted. Historical source, unit and fragment results do not establish this complete contract.",
        "Production, independent-host recovery and workload support remain unproven.",
        "Managed platform equivalence is unsupported; no runnable local proof contract is offered."
      ],
      "placement": "cloud-only",
      "production": "unproven",
      "required_tests": [
        {
          "command": [],
          "contract": "SB-14/cloud-only/v1/complete-contract",
          "fixtures": [
            "reference",
            "compose",
            "images",
            "native-fixture"
          ],
          "gate": "acceptance",
          "id": "SB-14.complete-contract",
          "kind": "runtime",
          "runner": ""
        },
        {
          "command": [],
          "contract": "SB-14/cloud-only/v1/production",
          "fixtures": [
            "reference",
            "compose",
            "images",
            "native-fixture"
          ],
          "gate": "production",
          "id": "SB-14.production",
          "kind": "runtime",
          "runner": ""
        }
      ],
      "source": {
        "algorithm": "sbarbase-public-source-v1",
        "files": 531,
        "sha256": "2c1f7e3416b64b0e66f85ae590573672443c391a80467b193b4f56bbf815b420"
      },
      "title": "Disk, WAL, logs and independent diagnostics"
    },
    {
      "acceptance": "unproven",
      "capability": "SB-15",
      "contract": "SB-15/legacy-shared/v1",
      "errors": [],
      "evidence": {
        "acceptance": [],
        "production": []
      },
      "history": [],
      "host_profile": "linux-containers-unpromoted",
      "implementation": "partial",
      "limitations": [
        "No current execution proof is admitted. Historical source, unit and fragment results do not establish this complete contract.",
        "Production, independent-host recovery and workload support remain unproven.",
        "Legacy PostgreSQL uses postgres:17-alpine in lab/images.lock.json; it is not the original Supabase PostgreSQL image. Shared resources are a shared failure boundary."
      ],
      "placement": "legacy-shared",
      "production": "unproven",
      "required_tests": [
        {
          "command": [],
          "contract": "SB-15/legacy-shared/v1/complete-contract",
          "fixtures": [
            "reference",
            "compose",
            "images",
            "native-fixture"
          ],
          "gate": "acceptance",
          "id": "SB-15.complete-contract",
          "kind": "runtime",
          "runner": "lab/studio-check.ts"
        },
        {
          "command": [],
          "contract": "SB-15/legacy-shared/v1/production",
          "fixtures": [
            "reference",
            "compose",
            "images",
            "native-fixture"
          ],
          "gate": "production",
          "id": "SB-15.production",
          "kind": "runtime",
          "runner": ""
        }
      ],
      "source": {
        "algorithm": "sbarbase-public-source-v1",
        "files": 531,
        "sha256": "2c1f7e3416b64b0e66f85ae590573672443c391a80467b193b4f56bbf815b420"
      },
      "title": "Studio schema adoption and CLI workflow"
    },
    {
      "acceptance": "unproven",
      "capability": "SB-15",
      "contract": "SB-15/native-dedicated/v1",
      "errors": [],
      "evidence": {
        "acceptance": [],
        "production": []
      },
      "history": [],
      "host_profile": "linux-containers-unpromoted",
      "implementation": "partial",
      "limitations": [
        "No current execution proof is admitted. Historical source, unit and fragment results do not establish this complete contract.",
        "Production, independent-host recovery and workload support remain unproven.",
        "Native startup, SDK flow and fenced recovery must pass together before feature admission. Original Cron effects alone do not accept SB-13a."
      ],
      "placement": "native-dedicated",
      "production": "unproven",
      "required_tests": [
        {
          "command": [],
          "contract": "SB-15/native-dedicated/v1/complete-contract",
          "fixtures": [
            "reference",
            "compose",
            "images",
            "native-fixture"
          ],
          "gate": "acceptance",
          "id": "SB-15.complete-contract",
          "kind": "runtime",
          "runner": "lab/studio-check.ts"
        },
        {
          "command": [],
          "contract": "SB-15/native-dedicated/v1/production",
          "fixtures": [
            "reference",
            "compose",
            "images",
            "native-fixture"
          ],
          "gate": "production",
          "id": "SB-15.production",
          "kind": "runtime",
          "runner": ""
        }
      ],
      "source": {
        "algorithm": "sbarbase-public-source-v1",
        "files": 531,
        "sha256": "2c1f7e3416b64b0e66f85ae590573672443c391a80467b193b4f56bbf815b420"
      },
      "title": "Studio schema adoption and CLI workflow"
    },
    {
      "acceptance": "unproven",
      "capability": "SB-15",
      "contract": "SB-15/cloud-only/v1",
      "errors": [],
      "evidence": {
        "acceptance": [],
        "production": []
      },
      "history": [],
      "host_profile": "managed-platform-unavailable",
      "implementation": "unsupported",
      "limitations": [
        "No current execution proof is admitted. Historical source, unit and fragment results do not establish this complete contract.",
        "Production, independent-host recovery and workload support remain unproven.",
        "Managed platform equivalence is unsupported; no runnable local proof contract is offered."
      ],
      "placement": "cloud-only",
      "production": "unproven",
      "required_tests": [
        {
          "command": [],
          "contract": "SB-15/cloud-only/v1/complete-contract",
          "fixtures": [
            "reference",
            "compose",
            "images",
            "native-fixture"
          ],
          "gate": "acceptance",
          "id": "SB-15.complete-contract",
          "kind": "runtime",
          "runner": ""
        },
        {
          "command": [],
          "contract": "SB-15/cloud-only/v1/production",
          "fixtures": [
            "reference",
            "compose",
            "images",
            "native-fixture"
          ],
          "gate": "production",
          "id": "SB-15.production",
          "kind": "runtime",
          "runner": ""
        }
      ],
      "source": {
        "algorithm": "sbarbase-public-source-v1",
        "files": 531,
        "sha256": "2c1f7e3416b64b0e66f85ae590573672443c391a80467b193b4f56bbf815b420"
      },
      "title": "Studio schema adoption and CLI workflow"
    },
    {
      "acceptance": "unproven",
      "capability": "SB-16",
      "contract": "SB-16/legacy-shared/v1",
      "errors": [],
      "evidence": {
        "acceptance": [],
        "production": []
      },
      "history": [],
      "host_profile": "linux-containers-unpromoted",
      "implementation": "planned",
      "limitations": [
        "No current execution proof is admitted. Historical source, unit and fragment results do not establish this complete contract.",
        "Production, independent-host recovery and workload support remain unproven.",
        "Legacy PostgreSQL uses postgres:17-alpine in lab/images.lock.json; it is not the original Supabase PostgreSQL image. Shared resources are a shared failure boundary."
      ],
      "placement": "legacy-shared",
      "production": "unproven",
      "required_tests": [
        {
          "command": [],
          "contract": "SB-16/legacy-shared/v1/complete-contract",
          "fixtures": [
            "reference",
            "compose",
            "images",
            "native-fixture"
          ],
          "gate": "acceptance",
          "id": "SB-16.complete-contract",
          "kind": "runtime",
          "runner": ""
        },
        {
          "command": [],
          "contract": "SB-16/legacy-shared/v1/production",
          "fixtures": [
            "reference",
            "compose",
            "images",
            "native-fixture"
          ],
          "gate": "production",
          "id": "SB-16.production",
          "kind": "runtime",
          "runner": ""
        }
      ],
      "source": {
        "algorithm": "sbarbase-public-source-v1",
        "files": 531,
        "sha256": "2c1f7e3416b64b0e66f85ae590573672443c391a80467b193b4f56bbf815b420"
      },
      "title": "Management disaster recovery"
    },
    {
      "acceptance": "unproven",
      "capability": "SB-16",
      "contract": "SB-16/native-dedicated/v1",
      "errors": [],
      "evidence": {
        "acceptance": [],
        "production": []
      },
      "history": [],
      "host_profile": "linux-containers-unpromoted",
      "implementation": "planned",
      "limitations": [
        "No current execution proof is admitted. Historical source, unit and fragment results do not establish this complete contract.",
        "Production, independent-host recovery and workload support remain unproven.",
        "Native startup, SDK flow and fenced recovery must pass together before feature admission. Original Cron effects alone do not accept SB-13a."
      ],
      "placement": "native-dedicated",
      "production": "unproven",
      "required_tests": [
        {
          "command": [],
          "contract": "SB-16/native-dedicated/v1/complete-contract",
          "fixtures": [
            "reference",
            "compose",
            "images",
            "native-fixture"
          ],
          "gate": "acceptance",
          "id": "SB-16.complete-contract",
          "kind": "runtime",
          "runner": ""
        },
        {
          "command": [],
          "contract": "SB-16/native-dedicated/v1/production",
          "fixtures": [
            "reference",
            "compose",
            "images",
            "native-fixture"
          ],
          "gate": "production",
          "id": "SB-16.production",
          "kind": "runtime",
          "runner": ""
        }
      ],
      "source": {
        "algorithm": "sbarbase-public-source-v1",
        "files": 531,
        "sha256": "2c1f7e3416b64b0e66f85ae590573672443c391a80467b193b4f56bbf815b420"
      },
      "title": "Management disaster recovery"
    },
    {
      "acceptance": "unproven",
      "capability": "SB-16",
      "contract": "SB-16/cloud-only/v1",
      "errors": [],
      "evidence": {
        "acceptance": [],
        "production": []
      },
      "history": [],
      "host_profile": "managed-platform-unavailable",
      "implementation": "unsupported",
      "limitations": [
        "No current execution proof is admitted. Historical source, unit and fragment results do not establish this complete contract.",
        "Production, independent-host recovery and workload support remain unproven.",
        "Managed platform equivalence is unsupported; no runnable local proof contract is offered."
      ],
      "placement": "cloud-only",
      "production": "unproven",
      "required_tests": [
        {
          "command": [],
          "contract": "SB-16/cloud-only/v1/complete-contract",
          "fixtures": [
            "reference",
            "compose",
            "images",
            "native-fixture"
          ],
          "gate": "acceptance",
          "id": "SB-16.complete-contract",
          "kind": "runtime",
          "runner": ""
        },
        {
          "command": [],
          "contract": "SB-16/cloud-only/v1/production",
          "fixtures": [
            "reference",
            "compose",
            "images",
            "native-fixture"
          ],
          "gate": "production",
          "id": "SB-16.production",
          "kind": "runtime",
          "runner": ""
        }
      ],
      "source": {
        "algorithm": "sbarbase-public-source-v1",
        "files": 531,
        "sha256": "2c1f7e3416b64b0e66f85ae590573672443c391a80467b193b4f56bbf815b420"
      },
      "title": "Management disaster recovery"
    },
    {
      "acceptance": "unproven",
      "capability": "SB-17",
      "contract": "SB-17/legacy-shared/v1",
      "errors": [],
      "evidence": {
        "acceptance": [],
        "production": []
      },
      "history": [],
      "host_profile": "linux-containers-unpromoted",
      "implementation": "planned",
      "limitations": [
        "No current execution proof is admitted. Historical source, unit and fragment results do not establish this complete contract.",
        "Production, independent-host recovery and workload support remain unproven.",
        "Legacy PostgreSQL uses postgres:17-alpine in lab/images.lock.json; it is not the original Supabase PostgreSQL image. Shared resources are a shared failure boundary."
      ],
      "placement": "legacy-shared",
      "production": "unproven",
      "required_tests": [
        {
          "command": [],
          "contract": "SB-17/legacy-shared/v1/complete-contract",
          "fixtures": [
            "reference",
            "compose",
            "images",
            "native-fixture"
          ],
          "gate": "acceptance",
          "id": "SB-17.complete-contract",
          "kind": "runtime",
          "runner": ""
        },
        {
          "command": [],
          "contract": "SB-17/legacy-shared/v1/production",
          "fixtures": [
            "reference",
            "compose",
            "images",
            "native-fixture"
          ],
          "gate": "production",
          "id": "SB-17.production",
          "kind": "runtime",
          "runner": ""
        }
      ],
      "source": {
        "algorithm": "sbarbase-public-source-v1",
        "files": 531,
        "sha256": "2c1f7e3416b64b0e66f85ae590573672443c391a80467b193b4f56bbf815b420"
      },
      "title": "Recovery external effects policy"
    },
    {
      "acceptance": "unproven",
      "capability": "SB-17",
      "contract": "SB-17/native-dedicated/v1",
      "errors": [],
      "evidence": {
        "acceptance": [],
        "production": []
      },
      "history": [],
      "host_profile": "linux-containers-unpromoted",
      "implementation": "planned",
      "limitations": [
        "No current execution proof is admitted. Historical source, unit and fragment results do not establish this complete contract.",
        "Production, independent-host recovery and workload support remain unproven.",
        "Native startup, SDK flow and fenced recovery must pass together before feature admission. Original Cron effects alone do not accept SB-13a."
      ],
      "placement": "native-dedicated",
      "production": "unproven",
      "required_tests": [
        {
          "command": [],
          "contract": "SB-17/native-dedicated/v1/complete-contract",
          "fixtures": [
            "reference",
            "compose",
            "images",
            "native-fixture"
          ],
          "gate": "acceptance",
          "id": "SB-17.complete-contract",
          "kind": "runtime",
          "runner": ""
        },
        {
          "command": [],
          "contract": "SB-17/native-dedicated/v1/production",
          "fixtures": [
            "reference",
            "compose",
            "images",
            "native-fixture"
          ],
          "gate": "production",
          "id": "SB-17.production",
          "kind": "runtime",
          "runner": ""
        }
      ],
      "source": {
        "algorithm": "sbarbase-public-source-v1",
        "files": 531,
        "sha256": "2c1f7e3416b64b0e66f85ae590573672443c391a80467b193b4f56bbf815b420"
      },
      "title": "Recovery external effects policy"
    },
    {
      "acceptance": "unproven",
      "capability": "SB-17",
      "contract": "SB-17/cloud-only/v1",
      "errors": [],
      "evidence": {
        "acceptance": [],
        "production": []
      },
      "history": [],
      "host_profile": "managed-platform-unavailable",
      "implementation": "unsupported",
      "limitations": [
        "No current execution proof is admitted. Historical source, unit and fragment results do not establish this complete contract.",
        "Production, independent-host recovery and workload support remain unproven.",
        "Managed platform equivalence is unsupported; no runnable local proof contract is offered."
      ],
      "placement": "cloud-only",
      "production": "unproven",
      "required_tests": [
        {
          "command": [],
          "contract": "SB-17/cloud-only/v1/complete-contract",
          "fixtures": [
            "reference",
            "compose",
            "images",
            "native-fixture"
          ],
          "gate": "acceptance",
          "id": "SB-17.complete-contract",
          "kind": "runtime",
          "runner": ""
        },
        {
          "command": [],
          "contract": "SB-17/cloud-only/v1/production",
          "fixtures": [
            "reference",
            "compose",
            "images",
            "native-fixture"
          ],
          "gate": "production",
          "id": "SB-17.production",
          "kind": "runtime",
          "runner": ""
        }
      ],
      "source": {
        "algorithm": "sbarbase-public-source-v1",
        "files": 531,
        "sha256": "2c1f7e3416b64b0e66f85ae590573672443c391a80467b193b4f56bbf815b420"
      },
      "title": "Recovery external effects policy"
    },
    {
      "acceptance": "unproven",
      "capability": "SB-18",
      "contract": "SB-18/legacy-shared/v1",
      "errors": [],
      "evidence": {
        "acceptance": [],
        "production": []
      },
      "history": [],
      "host_profile": "linux-containers-unpromoted",
      "implementation": "planned",
      "limitations": [
        "No current execution proof is admitted. Historical source, unit and fragment results do not establish this complete contract.",
        "Production, independent-host recovery and workload support remain unproven.",
        "Legacy PostgreSQL uses postgres:17-alpine in lab/images.lock.json; it is not the original Supabase PostgreSQL image. Shared resources are a shared failure boundary."
      ],
      "placement": "legacy-shared",
      "production": "unproven",
      "required_tests": [
        {
          "command": [],
          "contract": "SB-18/legacy-shared/v1/complete-contract",
          "fixtures": [
            "reference",
            "compose",
            "images",
            "native-fixture"
          ],
          "gate": "acceptance",
          "id": "SB-18.complete-contract",
          "kind": "runtime",
          "runner": ""
        },
        {
          "command": [],
          "contract": "SB-18/legacy-shared/v1/production",
          "fixtures": [
            "reference",
            "compose",
            "images",
            "native-fixture"
          ],
          "gate": "production",
          "id": "SB-18.production",
          "kind": "runtime",
          "runner": ""
        }
      ],
      "source": {
        "algorithm": "sbarbase-public-source-v1",
        "files": 531,
        "sha256": "2c1f7e3416b64b0e66f85ae590573672443c391a80467b193b4f56bbf815b420"
      },
      "title": "Host maintenance rehearsal"
    },
    {
      "acceptance": "unproven",
      "capability": "SB-18",
      "contract": "SB-18/native-dedicated/v1",
      "errors": [],
      "evidence": {
        "acceptance": [],
        "production": []
      },
      "history": [],
      "host_profile": "linux-containers-unpromoted",
      "implementation": "planned",
      "limitations": [
        "No current execution proof is admitted. Historical source, unit and fragment results do not establish this complete contract.",
        "Production, independent-host recovery and workload support remain unproven.",
        "Native startup, SDK flow and fenced recovery must pass together before feature admission. Original Cron effects alone do not accept SB-13a."
      ],
      "placement": "native-dedicated",
      "production": "unproven",
      "required_tests": [
        {
          "command": [],
          "contract": "SB-18/native-dedicated/v1/complete-contract",
          "fixtures": [
            "reference",
            "compose",
            "images",
            "native-fixture"
          ],
          "gate": "acceptance",
          "id": "SB-18.complete-contract",
          "kind": "runtime",
          "runner": ""
        },
        {
          "command": [],
          "contract": "SB-18/native-dedicated/v1/production",
          "fixtures": [
            "reference",
            "compose",
            "images",
            "native-fixture"
          ],
          "gate": "production",
          "id": "SB-18.production",
          "kind": "runtime",
          "runner": ""
        }
      ],
      "source": {
        "algorithm": "sbarbase-public-source-v1",
        "files": 531,
        "sha256": "2c1f7e3416b64b0e66f85ae590573672443c391a80467b193b4f56bbf815b420"
      },
      "title": "Host maintenance rehearsal"
    },
    {
      "acceptance": "unproven",
      "capability": "SB-18",
      "contract": "SB-18/cloud-only/v1",
      "errors": [],
      "evidence": {
        "acceptance": [],
        "production": []
      },
      "history": [],
      "host_profile": "managed-platform-unavailable",
      "implementation": "unsupported",
      "limitations": [
        "No current execution proof is admitted. Historical source, unit and fragment results do not establish this complete contract.",
        "Production, independent-host recovery and workload support remain unproven.",
        "Managed platform equivalence is unsupported; no runnable local proof contract is offered."
      ],
      "placement": "cloud-only",
      "production": "unproven",
      "required_tests": [
        {
          "command": [],
          "contract": "SB-18/cloud-only/v1/complete-contract",
          "fixtures": [
            "reference",
            "compose",
            "images",
            "native-fixture"
          ],
          "gate": "acceptance",
          "id": "SB-18.complete-contract",
          "kind": "runtime",
          "runner": ""
        },
        {
          "command": [],
          "contract": "SB-18/cloud-only/v1/production",
          "fixtures": [
            "reference",
            "compose",
            "images",
            "native-fixture"
          ],
          "gate": "production",
          "id": "SB-18.production",
          "kind": "runtime",
          "runner": ""
        }
      ],
      "source": {
        "algorithm": "sbarbase-public-source-v1",
        "files": 531,
        "sha256": "2c1f7e3416b64b0e66f85ae590573672443c391a80467b193b4f56bbf815b420"
      },
      "title": "Host maintenance rehearsal"
    },
    {
      "acceptance": "unproven",
      "capability": "sql-rest-rpc-rls",
      "contract": "sql-rest-rpc-rls/legacy-shared/v1",
      "errors": [],
      "evidence": {
        "acceptance": [],
        "production": []
      },
      "history": [],
      "host_profile": "linux-containers-unpromoted",
      "implementation": "partial",
      "limitations": [
        "No current execution proof is admitted. Historical source, unit and fragment results do not establish this complete contract.",
        "Production, independent-host recovery and workload support remain unproven.",
        "Legacy PostgreSQL uses postgres:17-alpine in lab/images.lock.json; it is not the original Supabase PostgreSQL image. Shared resources are a shared failure boundary."
      ],
      "placement": "legacy-shared",
      "production": "unproven",
      "required_tests": [
        {
          "command": [],
          "contract": "sql-rest-rpc-rls/legacy-shared/v1/complete-contract",
          "fixtures": [
            "reference",
            "compose",
            "images",
            "native-fixture"
          ],
          "gate": "acceptance",
          "id": "sql-rest-rpc-rls.complete-contract",
          "kind": "runtime",
          "runner": "lab/sdk-check.ts"
        },
        {
          "command": [],
          "contract": "sql-rest-rpc-rls/legacy-shared/v1/production",
          "fixtures": [
            "reference",
            "compose",
            "images",
            "native-fixture"
          ],
          "gate": "production",
          "id": "sql-rest-rpc-rls.production",
          "kind": "runtime",
          "runner": ""
        }
      ],
      "source": {
        "algorithm": "sbarbase-public-source-v1",
        "files": 531,
        "sha256": "2c1f7e3416b64b0e66f85ae590573672443c391a80467b193b4f56bbf815b420"
      },
      "title": "SQL, REST, RPC and RLS"
    },
    {
      "acceptance": "unproven",
      "capability": "sql-rest-rpc-rls",
      "contract": "sql-rest-rpc-rls/native-dedicated/v1",
      "errors": [],
      "evidence": {
        "acceptance": [],
        "production": []
      },
      "history": [],
      "host_profile": "linux-containers-unpromoted",
      "implementation": "partial",
      "limitations": [
        "No current execution proof is admitted. Historical source, unit and fragment results do not establish this complete contract.",
        "Production, independent-host recovery and workload support remain unproven.",
        "Native startup, SDK flow and fenced recovery must pass together before feature admission. Original Cron effects alone do not accept SB-13a."
      ],
      "placement": "native-dedicated",
      "production": "unproven",
      "required_tests": [
        {
          "command": [],
          "contract": "sql-rest-rpc-rls/native-dedicated/v1/complete-contract",
          "fixtures": [
            "reference",
            "compose",
            "images",
            "native-fixture"
          ],
          "gate": "acceptance",
          "id": "sql-rest-rpc-rls.complete-contract",
          "kind": "runtime",
          "runner": "lab/sdk-check.ts"
        },
        {
          "command": [],
          "contract": "sql-rest-rpc-rls/native-dedicated/v1/production",
          "fixtures": [
            "reference",
            "compose",
            "images",
            "native-fixture"
          ],
          "gate": "production",
          "id": "sql-rest-rpc-rls.production",
          "kind": "runtime",
          "runner": ""
        }
      ],
      "source": {
        "algorithm": "sbarbase-public-source-v1",
        "files": 531,
        "sha256": "2c1f7e3416b64b0e66f85ae590573672443c391a80467b193b4f56bbf815b420"
      },
      "title": "SQL, REST, RPC and RLS"
    },
    {
      "acceptance": "unproven",
      "capability": "sql-rest-rpc-rls",
      "contract": "sql-rest-rpc-rls/cloud-only/v1",
      "errors": [],
      "evidence": {
        "acceptance": [],
        "production": []
      },
      "history": [],
      "host_profile": "managed-platform-unavailable",
      "implementation": "unsupported",
      "limitations": [
        "No current execution proof is admitted. Historical source, unit and fragment results do not establish this complete contract.",
        "Production, independent-host recovery and workload support remain unproven.",
        "Managed platform equivalence is unsupported; no runnable local proof contract is offered."
      ],
      "placement": "cloud-only",
      "production": "unproven",
      "required_tests": [
        {
          "command": [],
          "contract": "sql-rest-rpc-rls/cloud-only/v1/complete-contract",
          "fixtures": [
            "reference",
            "compose",
            "images",
            "native-fixture"
          ],
          "gate": "acceptance",
          "id": "sql-rest-rpc-rls.complete-contract",
          "kind": "runtime",
          "runner": ""
        },
        {
          "command": [],
          "contract": "sql-rest-rpc-rls/cloud-only/v1/production",
          "fixtures": [
            "reference",
            "compose",
            "images",
            "native-fixture"
          ],
          "gate": "production",
          "id": "sql-rest-rpc-rls.production",
          "kind": "runtime",
          "runner": ""
        }
      ],
      "source": {
        "algorithm": "sbarbase-public-source-v1",
        "files": 531,
        "sha256": "2c1f7e3416b64b0e66f85ae590573672443c391a80467b193b4f56bbf815b420"
      },
      "title": "SQL, REST, RPC and RLS"
    },
    {
      "acceptance": "unproven",
      "capability": "auth-core",
      "contract": "auth-core/legacy-shared/v1",
      "errors": [],
      "evidence": {
        "acceptance": [],
        "production": []
      },
      "history": [],
      "host_profile": "linux-containers-unpromoted",
      "implementation": "partial",
      "limitations": [
        "No current execution proof is admitted. Historical source, unit and fragment results do not establish this complete contract.",
        "Production, independent-host recovery and workload support remain unproven.",
        "Legacy PostgreSQL uses postgres:17-alpine in lab/images.lock.json; it is not the original Supabase PostgreSQL image. Shared resources are a shared failure boundary."
      ],
      "placement": "legacy-shared",
      "production": "unproven",
      "required_tests": [
        {
          "command": [],
          "contract": "auth-core/legacy-shared/v1/complete-contract",
          "fixtures": [
            "reference",
            "compose",
            "images",
            "native-fixture"
          ],
          "gate": "acceptance",
          "id": "auth-core.complete-contract",
          "kind": "runtime",
          "runner": "lab/sign-in-check.ts"
        },
        {
          "command": [],
          "contract": "auth-core/legacy-shared/v1/production",
          "fixtures": [
            "reference",
            "compose",
            "images",
            "native-fixture"
          ],
          "gate": "production",
          "id": "auth-core.production",
          "kind": "runtime",
          "runner": ""
        }
      ],
      "source": {
        "algorithm": "sbarbase-public-source-v1",
        "files": 531,
        "sha256": "2c1f7e3416b64b0e66f85ae590573672443c391a80467b193b4f56bbf815b420"
      },
      "title": "Authentication and sessions"
    },
    {
      "acceptance": "unproven",
      "capability": "auth-core",
      "contract": "auth-core/native-dedicated/v1",
      "errors": [],
      "evidence": {
        "acceptance": [],
        "production": []
      },
      "history": [],
      "host_profile": "linux-containers-unpromoted",
      "implementation": "partial",
      "limitations": [
        "No current execution proof is admitted. Historical source, unit and fragment results do not establish this complete contract.",
        "Production, independent-host recovery and workload support remain unproven.",
        "Native startup, SDK flow and fenced recovery must pass together before feature admission. Original Cron effects alone do not accept SB-13a."
      ],
      "placement": "native-dedicated",
      "production": "unproven",
      "required_tests": [
        {
          "command": [],
          "contract": "auth-core/native-dedicated/v1/complete-contract",
          "fixtures": [
            "reference",
            "compose",
            "images",
            "native-fixture"
          ],
          "gate": "acceptance",
          "id": "auth-core.complete-contract",
          "kind": "runtime",
          "runner": "lab/sign-in-check.ts"
        },
        {
          "command": [],
          "contract": "auth-core/native-dedicated/v1/production",
          "fixtures": [
            "reference",
            "compose",
            "images",
            "native-fixture"
          ],
          "gate": "production",
          "id": "auth-core.production",
          "kind": "runtime",
          "runner": ""
        }
      ],
      "source": {
        "algorithm": "sbarbase-public-source-v1",
        "files": 531,
        "sha256": "2c1f7e3416b64b0e66f85ae590573672443c391a80467b193b4f56bbf815b420"
      },
      "title": "Authentication and sessions"
    },
    {
      "acceptance": "unproven",
      "capability": "auth-core",
      "contract": "auth-core/cloud-only/v1",
      "errors": [],
      "evidence": {
        "acceptance": [],
        "production": []
      },
      "history": [],
      "host_profile": "managed-platform-unavailable",
      "implementation": "unsupported",
      "limitations": [
        "No current execution proof is admitted. Historical source, unit and fragment results do not establish this complete contract.",
        "Production, independent-host recovery and workload support remain unproven.",
        "Managed platform equivalence is unsupported; no runnable local proof contract is offered."
      ],
      "placement": "cloud-only",
      "production": "unproven",
      "required_tests": [
        {
          "command": [],
          "contract": "auth-core/cloud-only/v1/complete-contract",
          "fixtures": [
            "reference",
            "compose",
            "images",
            "native-fixture"
          ],
          "gate": "acceptance",
          "id": "auth-core.complete-contract",
          "kind": "runtime",
          "runner": ""
        },
        {
          "command": [],
          "contract": "auth-core/cloud-only/v1/production",
          "fixtures": [
            "reference",
            "compose",
            "images",
            "native-fixture"
          ],
          "gate": "production",
          "id": "auth-core.production",
          "kind": "runtime",
          "runner": ""
        }
      ],
      "source": {
        "algorithm": "sbarbase-public-source-v1",
        "files": 531,
        "sha256": "2c1f7e3416b64b0e66f85ae590573672443c391a80467b193b4f56bbf815b420"
      },
      "title": "Authentication and sessions"
    },
    {
      "acceptance": "unproven",
      "capability": "auth-advanced",
      "contract": "auth-advanced/legacy-shared/v1",
      "errors": [],
      "evidence": {
        "acceptance": [],
        "production": []
      },
      "history": [],
      "host_profile": "linux-containers-unpromoted",
      "implementation": "partial",
      "limitations": [
        "No current execution proof is admitted. Historical source, unit and fragment results do not establish this complete contract.",
        "Production, independent-host recovery and workload support remain unproven.",
        "Legacy PostgreSQL uses postgres:17-alpine in lab/images.lock.json; it is not the original Supabase PostgreSQL image. Shared resources are a shared failure boundary."
      ],
      "placement": "legacy-shared",
      "production": "unproven",
      "required_tests": [
        {
          "command": [],
          "contract": "auth-advanced/legacy-shared/v1/oauth",
          "fixtures": [
            "reference",
            "compose",
            "images",
            "native-fixture"
          ],
          "gate": "acceptance",
          "id": "auth-advanced.oauth",
          "kind": "runtime",
          "runner": ""
        },
        {
          "command": [],
          "contract": "auth-advanced/legacy-shared/v1/hooks",
          "fixtures": [
            "reference",
            "compose",
            "images",
            "native-fixture"
          ],
          "gate": "acceptance",
          "id": "auth-advanced.hooks",
          "kind": "runtime",
          "runner": ""
        },
        {
          "command": [],
          "contract": "auth-advanced/legacy-shared/v1/mfa",
          "fixtures": [
            "reference",
            "compose",
            "images",
            "native-fixture"
          ],
          "gate": "acceptance",
          "id": "auth-advanced.mfa",
          "kind": "runtime",
          "runner": ""
        },
        {
          "command": [],
          "contract": "auth-advanced/legacy-shared/v1/passkeys",
          "fixtures": [
            "reference",
            "compose",
            "images",
            "native-fixture"
          ],
          "gate": "acceptance",
          "id": "auth-advanced.passkeys",
          "kind": "runtime",
          "runner": ""
        },
        {
          "command": [],
          "contract": "auth-advanced/legacy-shared/v1/sso",
          "fixtures": [
            "reference",
            "compose",
            "images",
            "native-fixture"
          ],
          "gate": "acceptance",
          "id": "auth-advanced.sso",
          "kind": "runtime",
          "runner": ""
        },
        {
          "command": [],
          "contract": "auth-advanced/legacy-shared/v1/production",
          "fixtures": [
            "reference",
            "compose",
            "images",
            "native-fixture"
          ],
          "gate": "production",
          "id": "auth-advanced.production",
          "kind": "runtime",
          "runner": ""
        }
      ],
      "source": {
        "algorithm": "sbarbase-public-source-v1",
        "files": 531,
        "sha256": "2c1f7e3416b64b0e66f85ae590573672443c391a80467b193b4f56bbf815b420"
      },
      "title": "OAuth, hooks, MFA, passkeys and SSO"
    },
    {
      "acceptance": "unproven",
      "capability": "auth-advanced",
      "contract": "auth-advanced/native-dedicated/v1",
      "errors": [],
      "evidence": {
        "acceptance": [],
        "production": []
      },
      "history": [],
      "host_profile": "linux-containers-unpromoted",
      "implementation": "partial",
      "limitations": [
        "No current execution proof is admitted. Historical source, unit and fragment results do not establish this complete contract.",
        "Production, independent-host recovery and workload support remain unproven.",
        "Native startup, SDK flow and fenced recovery must pass together before feature admission. Original Cron effects alone do not accept SB-13a."
      ],
      "placement": "native-dedicated",
      "production": "unproven",
      "required_tests": [
        {
          "command": [],
          "contract": "auth-advanced/native-dedicated/v1/oauth",
          "fixtures": [
            "reference",
            "compose",
            "images",
            "native-fixture"
          ],
          "gate": "acceptance",
          "id": "auth-advanced.oauth",
          "kind": "runtime",
          "runner": ""
        },
        {
          "command": [],
          "contract": "auth-advanced/native-dedicated/v1/hooks",
          "fixtures": [
            "reference",
            "compose",
            "images",
            "native-fixture"
          ],
          "gate": "acceptance",
          "id": "auth-advanced.hooks",
          "kind": "runtime",
          "runner": ""
        },
        {
          "command": [],
          "contract": "auth-advanced/native-dedicated/v1/mfa",
          "fixtures": [
            "reference",
            "compose",
            "images",
            "native-fixture"
          ],
          "gate": "acceptance",
          "id": "auth-advanced.mfa",
          "kind": "runtime",
          "runner": ""
        },
        {
          "command": [],
          "contract": "auth-advanced/native-dedicated/v1/passkeys",
          "fixtures": [
            "reference",
            "compose",
            "images",
            "native-fixture"
          ],
          "gate": "acceptance",
          "id": "auth-advanced.passkeys",
          "kind": "runtime",
          "runner": ""
        },
        {
          "command": [],
          "contract": "auth-advanced/native-dedicated/v1/sso",
          "fixtures": [
            "reference",
            "compose",
            "images",
            "native-fixture"
          ],
          "gate": "acceptance",
          "id": "auth-advanced.sso",
          "kind": "runtime",
          "runner": ""
        },
        {
          "command": [],
          "contract": "auth-advanced/native-dedicated/v1/production",
          "fixtures": [
            "reference",
            "compose",
            "images",
            "native-fixture"
          ],
          "gate": "production",
          "id": "auth-advanced.production",
          "kind": "runtime",
          "runner": ""
        }
      ],
      "source": {
        "algorithm": "sbarbase-public-source-v1",
        "files": 531,
        "sha256": "2c1f7e3416b64b0e66f85ae590573672443c391a80467b193b4f56bbf815b420"
      },
      "title": "OAuth, hooks, MFA, passkeys and SSO"
    },
    {
      "acceptance": "unproven",
      "capability": "auth-advanced",
      "contract": "auth-advanced/cloud-only/v1",
      "errors": [],
      "evidence": {
        "acceptance": [],
        "production": []
      },
      "history": [],
      "host_profile": "managed-platform-unavailable",
      "implementation": "unsupported",
      "limitations": [
        "No current execution proof is admitted. Historical source, unit and fragment results do not establish this complete contract.",
        "Production, independent-host recovery and workload support remain unproven.",
        "Managed platform equivalence is unsupported; no runnable local proof contract is offered."
      ],
      "placement": "cloud-only",
      "production": "unproven",
      "required_tests": [
        {
          "command": [],
          "contract": "auth-advanced/cloud-only/v1/oauth",
          "fixtures": [
            "reference",
            "compose",
            "images",
            "native-fixture"
          ],
          "gate": "acceptance",
          "id": "auth-advanced.oauth",
          "kind": "runtime",
          "runner": ""
        },
        {
          "command": [],
          "contract": "auth-advanced/cloud-only/v1/hooks",
          "fixtures": [
            "reference",
            "compose",
            "images",
            "native-fixture"
          ],
          "gate": "acceptance",
          "id": "auth-advanced.hooks",
          "kind": "runtime",
          "runner": ""
        },
        {
          "command": [],
          "contract": "auth-advanced/cloud-only/v1/mfa",
          "fixtures": [
            "reference",
            "compose",
            "images",
            "native-fixture"
          ],
          "gate": "acceptance",
          "id": "auth-advanced.mfa",
          "kind": "runtime",
          "runner": ""
        },
        {
          "command": [],
          "contract": "auth-advanced/cloud-only/v1/passkeys",
          "fixtures": [
            "reference",
            "compose",
            "images",
            "native-fixture"
          ],
          "gate": "acceptance",
          "id": "auth-advanced.passkeys",
          "kind": "runtime",
          "runner": ""
        },
        {
          "command": [],
          "contract": "auth-advanced/cloud-only/v1/sso",
          "fixtures": [
            "reference",
            "compose",
            "images",
            "native-fixture"
          ],
          "gate": "acceptance",
          "id": "auth-advanced.sso",
          "kind": "runtime",
          "runner": ""
        },
        {
          "command": [],
          "contract": "auth-advanced/cloud-only/v1/production",
          "fixtures": [
            "reference",
            "compose",
            "images",
            "native-fixture"
          ],
          "gate": "production",
          "id": "auth-advanced.production",
          "kind": "runtime",
          "runner": ""
        }
      ],
      "source": {
        "algorithm": "sbarbase-public-source-v1",
        "files": 531,
        "sha256": "2c1f7e3416b64b0e66f85ae590573672443c391a80467b193b4f56bbf815b420"
      },
      "title": "OAuth, hooks, MFA, passkeys and SSO"
    },
    {
      "acceptance": "unproven",
      "capability": "api-keys",
      "contract": "api-keys/legacy-shared/v1",
      "errors": [],
      "evidence": {
        "acceptance": [],
        "production": []
      },
      "history": [],
      "host_profile": "linux-containers-unpromoted",
      "implementation": "partial",
      "limitations": [
        "No current execution proof is admitted. Historical source, unit and fragment results do not establish this complete contract.",
        "Production, independent-host recovery and workload support remain unproven.",
        "Legacy PostgreSQL uses postgres:17-alpine in lab/images.lock.json; it is not the original Supabase PostgreSQL image. Shared resources are a shared failure boundary."
      ],
      "placement": "legacy-shared",
      "production": "unproven",
      "required_tests": [
        {
          "command": [],
          "contract": "api-keys/legacy-shared/v1/complete-contract",
          "fixtures": [
            "reference",
            "compose",
            "images",
            "native-fixture"
          ],
          "gate": "acceptance",
          "id": "api-keys.complete-contract",
          "kind": "runtime",
          "runner": "lab/signing-check.py"
        },
        {
          "command": [],
          "contract": "api-keys/legacy-shared/v1/production",
          "fixtures": [
            "reference",
            "compose",
            "images",
            "native-fixture"
          ],
          "gate": "production",
          "id": "api-keys.production",
          "kind": "runtime",
          "runner": ""
        }
      ],
      "source": {
        "algorithm": "sbarbase-public-source-v1",
        "files": 531,
        "sha256": "2c1f7e3416b64b0e66f85ae590573672443c391a80467b193b4f56bbf815b420"
      },
      "title": "Modern API keys and signing rotation"
    },
    {
      "acceptance": "unproven",
      "capability": "api-keys",
      "contract": "api-keys/native-dedicated/v1",
      "errors": [],
      "evidence": {
        "acceptance": [],
        "production": []
      },
      "history": [],
      "host_profile": "linux-containers-unpromoted",
      "implementation": "partial",
      "limitations": [
        "No current execution proof is admitted. Historical source, unit and fragment results do not establish this complete contract.",
        "Production, independent-host recovery and workload support remain unproven.",
        "Native startup, SDK flow and fenced recovery must pass together before feature admission. Original Cron effects alone do not accept SB-13a."
      ],
      "placement": "native-dedicated",
      "production": "unproven",
      "required_tests": [
        {
          "command": [],
          "contract": "api-keys/native-dedicated/v1/complete-contract",
          "fixtures": [
            "reference",
            "compose",
            "images",
            "native-fixture"
          ],
          "gate": "acceptance",
          "id": "api-keys.complete-contract",
          "kind": "runtime",
          "runner": "lab/signing-check.py"
        },
        {
          "command": [],
          "contract": "api-keys/native-dedicated/v1/production",
          "fixtures": [
            "reference",
            "compose",
            "images",
            "native-fixture"
          ],
          "gate": "production",
          "id": "api-keys.production",
          "kind": "runtime",
          "runner": ""
        }
      ],
      "source": {
        "algorithm": "sbarbase-public-source-v1",
        "files": 531,
        "sha256": "2c1f7e3416b64b0e66f85ae590573672443c391a80467b193b4f56bbf815b420"
      },
      "title": "Modern API keys and signing rotation"
    },
    {
      "acceptance": "unproven",
      "capability": "api-keys",
      "contract": "api-keys/cloud-only/v1",
      "errors": [],
      "evidence": {
        "acceptance": [],
        "production": []
      },
      "history": [],
      "host_profile": "managed-platform-unavailable",
      "implementation": "unsupported",
      "limitations": [
        "No current execution proof is admitted. Historical source, unit and fragment results do not establish this complete contract.",
        "Production, independent-host recovery and workload support remain unproven.",
        "Managed platform equivalence is unsupported; no runnable local proof contract is offered."
      ],
      "placement": "cloud-only",
      "production": "unproven",
      "required_tests": [
        {
          "command": [],
          "contract": "api-keys/cloud-only/v1/complete-contract",
          "fixtures": [
            "reference",
            "compose",
            "images",
            "native-fixture"
          ],
          "gate": "acceptance",
          "id": "api-keys.complete-contract",
          "kind": "runtime",
          "runner": ""
        },
        {
          "command": [],
          "contract": "api-keys/cloud-only/v1/production",
          "fixtures": [
            "reference",
            "compose",
            "images",
            "native-fixture"
          ],
          "gate": "production",
          "id": "api-keys.production",
          "kind": "runtime",
          "runner": ""
        }
      ],
      "source": {
        "algorithm": "sbarbase-public-source-v1",
        "files": 531,
        "sha256": "2c1f7e3416b64b0e66f85ae590573672443c391a80467b193b4f56bbf815b420"
      },
      "title": "Modern API keys and signing rotation"
    },
    {
      "acceptance": "unproven",
      "capability": "storage-standard",
      "contract": "storage-standard/legacy-shared/v1",
      "errors": [],
      "evidence": {
        "acceptance": [],
        "production": []
      },
      "history": [],
      "host_profile": "linux-containers-unpromoted",
      "implementation": "partial",
      "limitations": [
        "No current execution proof is admitted. Historical source, unit and fragment results do not establish this complete contract.",
        "Production, independent-host recovery and workload support remain unproven.",
        "Legacy PostgreSQL uses postgres:17-alpine in lab/images.lock.json; it is not the original Supabase PostgreSQL image. Shared resources are a shared failure boundary."
      ],
      "placement": "legacy-shared",
      "production": "unproven",
      "required_tests": [
        {
          "command": [],
          "contract": "storage-standard/legacy-shared/v1/complete-contract",
          "fixtures": [
            "reference",
            "compose",
            "images",
            "native-fixture"
          ],
          "gate": "acceptance",
          "id": "storage-standard.complete-contract",
          "kind": "runtime",
          "runner": "lab/storage-sdk-check.ts"
        },
        {
          "command": [],
          "contract": "storage-standard/legacy-shared/v1/production",
          "fixtures": [
            "reference",
            "compose",
            "images",
            "native-fixture"
          ],
          "gate": "production",
          "id": "storage-standard.production",
          "kind": "runtime",
          "runner": ""
        }
      ],
      "source": {
        "algorithm": "sbarbase-public-source-v1",
        "files": 531,
        "sha256": "2c1f7e3416b64b0e66f85ae590573672443c391a80467b193b4f56bbf815b420"
      },
      "title": "Standard Storage and object recovery"
    },
    {
      "acceptance": "unproven",
      "capability": "storage-standard",
      "contract": "storage-standard/native-dedicated/v1",
      "errors": [],
      "evidence": {
        "acceptance": [],
        "production": []
      },
      "history": [],
      "host_profile": "linux-containers-unpromoted",
      "implementation": "partial",
      "limitations": [
        "No current execution proof is admitted. Historical source, unit and fragment results do not establish this complete contract.",
        "Production, independent-host recovery and workload support remain unproven.",
        "Native startup, SDK flow and fenced recovery must pass together before feature admission. Original Cron effects alone do not accept SB-13a."
      ],
      "placement": "native-dedicated",
      "production": "unproven",
      "required_tests": [
        {
          "command": [],
          "contract": "storage-standard/native-dedicated/v1/complete-contract",
          "fixtures": [
            "reference",
            "compose",
            "images",
            "native-fixture"
          ],
          "gate": "acceptance",
          "id": "storage-standard.complete-contract",
          "kind": "runtime",
          "runner": "lab/storage-sdk-check.ts"
        },
        {
          "command": [],
          "contract": "storage-standard/native-dedicated/v1/production",
          "fixtures": [
            "reference",
            "compose",
            "images",
            "native-fixture"
          ],
          "gate": "production",
          "id": "storage-standard.production",
          "kind": "runtime",
          "runner": ""
        }
      ],
      "source": {
        "algorithm": "sbarbase-public-source-v1",
        "files": 531,
        "sha256": "2c1f7e3416b64b0e66f85ae590573672443c391a80467b193b4f56bbf815b420"
      },
      "title": "Standard Storage and object recovery"
    },
    {
      "acceptance": "unproven",
      "capability": "storage-standard",
      "contract": "storage-standard/cloud-only/v1",
      "errors": [],
      "evidence": {
        "acceptance": [],
        "production": []
      },
      "history": [],
      "host_profile": "managed-platform-unavailable",
      "implementation": "unsupported",
      "limitations": [
        "No current execution proof is admitted. Historical source, unit and fragment results do not establish this complete contract.",
        "Production, independent-host recovery and workload support remain unproven.",
        "Managed platform equivalence is unsupported; no runnable local proof contract is offered."
      ],
      "placement": "cloud-only",
      "production": "unproven",
      "required_tests": [
        {
          "command": [],
          "contract": "storage-standard/cloud-only/v1/complete-contract",
          "fixtures": [
            "reference",
            "compose",
            "images",
            "native-fixture"
          ],
          "gate": "acceptance",
          "id": "storage-standard.complete-contract",
          "kind": "runtime",
          "runner": ""
        },
        {
          "command": [],
          "contract": "storage-standard/cloud-only/v1/production",
          "fixtures": [
            "reference",
            "compose",
            "images",
            "native-fixture"
          ],
          "gate": "production",
          "id": "storage-standard.production",
          "kind": "runtime",
          "runner": ""
        }
      ],
      "source": {
        "algorithm": "sbarbase-public-source-v1",
        "files": 531,
        "sha256": "2c1f7e3416b64b0e66f85ae590573672443c391a80467b193b4f56bbf815b420"
      },
      "title": "Standard Storage and object recovery"
    },
    {
      "acceptance": "unproven",
      "capability": "storage-advanced",
      "contract": "storage-advanced/legacy-shared/v1",
      "errors": [],
      "evidence": {
        "acceptance": [],
        "production": []
      },
      "history": [],
      "host_profile": "linux-containers-unpromoted",
      "implementation": "planned",
      "limitations": [
        "No current execution proof is admitted. Historical source, unit and fragment results do not establish this complete contract.",
        "Production, independent-host recovery and workload support remain unproven.",
        "Legacy PostgreSQL uses postgres:17-alpine in lab/images.lock.json; it is not the original Supabase PostgreSQL image. Shared resources are a shared failure boundary."
      ],
      "placement": "legacy-shared",
      "production": "unproven",
      "required_tests": [
        {
          "command": [],
          "contract": "storage-advanced/legacy-shared/v1/complete-contract",
          "fixtures": [
            "reference",
            "compose",
            "images",
            "native-fixture"
          ],
          "gate": "acceptance",
          "id": "storage-advanced.complete-contract",
          "kind": "runtime",
          "runner": ""
        },
        {
          "command": [],
          "contract": "storage-advanced/legacy-shared/v1/production",
          "fixtures": [
            "reference",
            "compose",
            "images",
            "native-fixture"
          ],
          "gate": "production",
          "id": "storage-advanced.production",
          "kind": "runtime",
          "runner": ""
        }
      ],
      "source": {
        "algorithm": "sbarbase-public-source-v1",
        "files": 531,
        "sha256": "2c1f7e3416b64b0e66f85ae590573672443c391a80467b193b4f56bbf815b420"
      },
      "title": "TUS, transformations and S3 protocol"
    },
    {
      "acceptance": "unproven",
      "capability": "storage-advanced",
      "contract": "storage-advanced/native-dedicated/v1",
      "errors": [],
      "evidence": {
        "acceptance": [],
        "production": []
      },
      "history": [],
      "host_profile": "linux-containers-unpromoted",
      "implementation": "planned",
      "limitations": [
        "No current execution proof is admitted. Historical source, unit and fragment results do not establish this complete contract.",
        "Production, independent-host recovery and workload support remain unproven.",
        "Native startup, SDK flow and fenced recovery must pass together before feature admission. Original Cron effects alone do not accept SB-13a."
      ],
      "placement": "native-dedicated",
      "production": "unproven",
      "required_tests": [
        {
          "command": [],
          "contract": "storage-advanced/native-dedicated/v1/complete-contract",
          "fixtures": [
            "reference",
            "compose",
            "images",
            "native-fixture"
          ],
          "gate": "acceptance",
          "id": "storage-advanced.complete-contract",
          "kind": "runtime",
          "runner": ""
        },
        {
          "command": [],
          "contract": "storage-advanced/native-dedicated/v1/production",
          "fixtures": [
            "reference",
            "compose",
            "images",
            "native-fixture"
          ],
          "gate": "production",
          "id": "storage-advanced.production",
          "kind": "runtime",
          "runner": ""
        }
      ],
      "source": {
        "algorithm": "sbarbase-public-source-v1",
        "files": 531,
        "sha256": "2c1f7e3416b64b0e66f85ae590573672443c391a80467b193b4f56bbf815b420"
      },
      "title": "TUS, transformations and S3 protocol"
    },
    {
      "acceptance": "unproven",
      "capability": "storage-advanced",
      "contract": "storage-advanced/cloud-only/v1",
      "errors": [],
      "evidence": {
        "acceptance": [],
        "production": []
      },
      "history": [],
      "host_profile": "managed-platform-unavailable",
      "implementation": "unsupported",
      "limitations": [
        "No current execution proof is admitted. Historical source, unit and fragment results do not establish this complete contract.",
        "Production, independent-host recovery and workload support remain unproven.",
        "Managed platform equivalence is unsupported; no runnable local proof contract is offered."
      ],
      "placement": "cloud-only",
      "production": "unproven",
      "required_tests": [
        {
          "command": [],
          "contract": "storage-advanced/cloud-only/v1/complete-contract",
          "fixtures": [
            "reference",
            "compose",
            "images",
            "native-fixture"
          ],
          "gate": "acceptance",
          "id": "storage-advanced.complete-contract",
          "kind": "runtime",
          "runner": ""
        },
        {
          "command": [],
          "contract": "storage-advanced/cloud-only/v1/production",
          "fixtures": [
            "reference",
            "compose",
            "images",
            "native-fixture"
          ],
          "gate": "production",
          "id": "storage-advanced.production",
          "kind": "runtime",
          "runner": ""
        }
      ],
      "source": {
        "algorithm": "sbarbase-public-source-v1",
        "files": 531,
        "sha256": "2c1f7e3416b64b0e66f85ae590573672443c391a80467b193b4f56bbf815b420"
      },
      "title": "TUS, transformations and S3 protocol"
    },
    {
      "acceptance": "unproven",
      "capability": "realtime",
      "contract": "realtime/legacy-shared/v1",
      "errors": [],
      "evidence": {
        "acceptance": [],
        "production": []
      },
      "history": [],
      "host_profile": "linux-containers-unpromoted",
      "implementation": "partial",
      "limitations": [
        "No current execution proof is admitted. Historical source, unit and fragment results do not establish this complete contract.",
        "Production, independent-host recovery and workload support remain unproven.",
        "Legacy PostgreSQL uses postgres:17-alpine in lab/images.lock.json; it is not the original Supabase PostgreSQL image. Shared resources are a shared failure boundary."
      ],
      "placement": "legacy-shared",
      "production": "unproven",
      "required_tests": [
        {
          "command": [],
          "contract": "realtime/legacy-shared/v1/complete-contract",
          "fixtures": [
            "reference",
            "compose",
            "images",
            "native-fixture"
          ],
          "gate": "acceptance",
          "id": "realtime.complete-contract",
          "kind": "runtime",
          "runner": "lab/realtime-check.ts"
        },
        {
          "command": [],
          "contract": "realtime/legacy-shared/v1/production",
          "fixtures": [
            "reference",
            "compose",
            "images",
            "native-fixture"
          ],
          "gate": "production",
          "id": "realtime.production",
          "kind": "runtime",
          "runner": ""
        }
      ],
      "source": {
        "algorithm": "sbarbase-public-source-v1",
        "files": 531,
        "sha256": "2c1f7e3416b64b0e66f85ae590573672443c391a80467b193b4f56bbf815b420"
      },
      "title": "Realtime lifecycle and isolation"
    },
    {
      "acceptance": "unproven",
      "capability": "realtime",
      "contract": "realtime/native-dedicated/v1",
      "errors": [],
      "evidence": {
        "acceptance": [],
        "production": []
      },
      "history": [],
      "host_profile": "linux-containers-unpromoted",
      "implementation": "partial",
      "limitations": [
        "No current execution proof is admitted. Historical source, unit and fragment results do not establish this complete contract.",
        "Production, independent-host recovery and workload support remain unproven.",
        "Native startup, SDK flow and fenced recovery must pass together before feature admission. Original Cron effects alone do not accept SB-13a."
      ],
      "placement": "native-dedicated",
      "production": "unproven",
      "required_tests": [
        {
          "command": [],
          "contract": "realtime/native-dedicated/v1/complete-contract",
          "fixtures": [
            "reference",
            "compose",
            "images",
            "native-fixture"
          ],
          "gate": "acceptance",
          "id": "realtime.complete-contract",
          "kind": "runtime",
          "runner": "lab/realtime-check.ts"
        },
        {
          "command": [],
          "contract": "realtime/native-dedicated/v1/production",
          "fixtures": [
            "reference",
            "compose",
            "images",
            "native-fixture"
          ],
          "gate": "production",
          "id": "realtime.production",
          "kind": "runtime",
          "runner": ""
        }
      ],
      "source": {
        "algorithm": "sbarbase-public-source-v1",
        "files": 531,
        "sha256": "2c1f7e3416b64b0e66f85ae590573672443c391a80467b193b4f56bbf815b420"
      },
      "title": "Realtime lifecycle and isolation"
    },
    {
      "acceptance": "unproven",
      "capability": "realtime",
      "contract": "realtime/cloud-only/v1",
      "errors": [],
      "evidence": {
        "acceptance": [],
        "production": []
      },
      "history": [],
      "host_profile": "managed-platform-unavailable",
      "implementation": "unsupported",
      "limitations": [
        "No current execution proof is admitted. Historical source, unit and fragment results do not establish this complete contract.",
        "Production, independent-host recovery and workload support remain unproven.",
        "Managed platform equivalence is unsupported; no runnable local proof contract is offered."
      ],
      "placement": "cloud-only",
      "production": "unproven",
      "required_tests": [
        {
          "command": [],
          "contract": "realtime/cloud-only/v1/complete-contract",
          "fixtures": [
            "reference",
            "compose",
            "images",
            "native-fixture"
          ],
          "gate": "acceptance",
          "id": "realtime.complete-contract",
          "kind": "runtime",
          "runner": ""
        },
        {
          "command": [],
          "contract": "realtime/cloud-only/v1/production",
          "fixtures": [
            "reference",
            "compose",
            "images",
            "native-fixture"
          ],
          "gate": "production",
          "id": "realtime.production",
          "kind": "runtime",
          "runner": ""
        }
      ],
      "source": {
        "algorithm": "sbarbase-public-source-v1",
        "files": 531,
        "sha256": "2c1f7e3416b64b0e66f85ae590573672443c391a80467b193b4f56bbf815b420"
      },
      "title": "Realtime lifecycle and isolation"
    },
    {
      "acceptance": "unproven",
      "capability": "functions",
      "contract": "functions/legacy-shared/v1",
      "errors": [],
      "evidence": {
        "acceptance": [],
        "production": []
      },
      "history": [],
      "host_profile": "linux-containers-unpromoted",
      "implementation": "partial",
      "limitations": [
        "No current execution proof is admitted. Historical source, unit and fragment results do not establish this complete contract.",
        "Production, independent-host recovery and workload support remain unproven.",
        "Legacy PostgreSQL uses postgres:17-alpine in lab/images.lock.json; it is not the original Supabase PostgreSQL image. Shared resources are a shared failure boundary."
      ],
      "placement": "legacy-shared",
      "production": "unproven",
      "required_tests": [
        {
          "command": [],
          "contract": "functions/legacy-shared/v1/complete-contract",
          "fixtures": [
            "reference",
            "compose",
            "images",
            "native-fixture"
          ],
          "gate": "acceptance",
          "id": "functions.complete-contract",
          "kind": "runtime",
          "runner": "lab/functions-check.ts"
        },
        {
          "command": [],
          "contract": "functions/legacy-shared/v1/production",
          "fixtures": [
            "reference",
            "compose",
            "images",
            "native-fixture"
          ],
          "gate": "production",
          "id": "functions.production",
          "kind": "runtime",
          "runner": ""
        }
      ],
      "source": {
        "algorithm": "sbarbase-public-source-v1",
        "files": 531,
        "sha256": "2c1f7e3416b64b0e66f85ae590573672443c391a80467b193b4f56bbf815b420"
      },
      "title": "Functions lifecycle and isolation"
    },
    {
      "acceptance": "unproven",
      "capability": "functions",
      "contract": "functions/native-dedicated/v1",
      "errors": [],
      "evidence": {
        "acceptance": [],
        "production": []
      },
      "history": [],
      "host_profile": "linux-containers-unpromoted",
      "implementation": "partial",
      "limitations": [
        "No current execution proof is admitted. Historical source, unit and fragment results do not establish this complete contract.",
        "Production, independent-host recovery and workload support remain unproven.",
        "Native startup, SDK flow and fenced recovery must pass together before feature admission. Original Cron effects alone do not accept SB-13a."
      ],
      "placement": "native-dedicated",
      "production": "unproven",
      "required_tests": [
        {
          "command": [],
          "contract": "functions/native-dedicated/v1/complete-contract",
          "fixtures": [
            "reference",
            "compose",
            "images",
            "native-fixture"
          ],
          "gate": "acceptance",
          "id": "functions.complete-contract",
          "kind": "runtime",
          "runner": "lab/functions-check.ts"
        },
        {
          "command": [],
          "contract": "functions/native-dedicated/v1/production",
          "fixtures": [
            "reference",
            "compose",
            "images",
            "native-fixture"
          ],
          "gate": "production",
          "id": "functions.production",
          "kind": "runtime",
          "runner": ""
        }
      ],
      "source": {
        "algorithm": "sbarbase-public-source-v1",
        "files": 531,
        "sha256": "2c1f7e3416b64b0e66f85ae590573672443c391a80467b193b4f56bbf815b420"
      },
      "title": "Functions lifecycle and isolation"
    },
    {
      "acceptance": "unproven",
      "capability": "functions",
      "contract": "functions/cloud-only/v1",
      "errors": [],
      "evidence": {
        "acceptance": [],
        "production": []
      },
      "history": [],
      "host_profile": "managed-platform-unavailable",
      "implementation": "unsupported",
      "limitations": [
        "No current execution proof is admitted. Historical source, unit and fragment results do not establish this complete contract.",
        "Production, independent-host recovery and workload support remain unproven.",
        "Managed platform equivalence is unsupported; no runnable local proof contract is offered."
      ],
      "placement": "cloud-only",
      "production": "unproven",
      "required_tests": [
        {
          "command": [],
          "contract": "functions/cloud-only/v1/complete-contract",
          "fixtures": [
            "reference",
            "compose",
            "images",
            "native-fixture"
          ],
          "gate": "acceptance",
          "id": "functions.complete-contract",
          "kind": "runtime",
          "runner": ""
        },
        {
          "command": [],
          "contract": "functions/cloud-only/v1/production",
          "fixtures": [
            "reference",
            "compose",
            "images",
            "native-fixture"
          ],
          "gate": "production",
          "id": "functions.production",
          "kind": "runtime",
          "runner": ""
        }
      ],
      "source": {
        "algorithm": "sbarbase-public-source-v1",
        "files": 531,
        "sha256": "2c1f7e3416b64b0e66f85ae590573672443c391a80467b193b4f56bbf815b420"
      },
      "title": "Functions lifecycle and isolation"
    },
    {
      "acceptance": "unproven",
      "capability": "studio",
      "contract": "studio/legacy-shared/v1",
      "errors": [],
      "evidence": {
        "acceptance": [],
        "production": []
      },
      "history": [],
      "host_profile": "linux-containers-unpromoted",
      "implementation": "partial",
      "limitations": [
        "No current execution proof is admitted. Historical source, unit and fragment results do not establish this complete contract.",
        "Production, independent-host recovery and workload support remain unproven.",
        "Legacy PostgreSQL uses postgres:17-alpine in lab/images.lock.json; it is not the original Supabase PostgreSQL image. Shared resources are a shared failure boundary."
      ],
      "placement": "legacy-shared",
      "production": "unproven",
      "required_tests": [
        {
          "command": [],
          "contract": "studio/legacy-shared/v1/complete-contract",
          "fixtures": [
            "reference",
            "compose",
            "images",
            "native-fixture"
          ],
          "gate": "acceptance",
          "id": "studio.complete-contract",
          "kind": "runtime",
          "runner": "lab/studio-check.ts"
        },
        {
          "command": [],
          "contract": "studio/legacy-shared/v1/production",
          "fixtures": [
            "reference",
            "compose",
            "images",
            "native-fixture"
          ],
          "gate": "production",
          "id": "studio.production",
          "kind": "runtime",
          "runner": ""
        }
      ],
      "source": {
        "algorithm": "sbarbase-public-source-v1",
        "files": 531,
        "sha256": "2c1f7e3416b64b0e66f85ae590573672443c391a80467b193b4f56bbf815b420"
      },
      "title": "Studio lifecycle and configuration"
    },
    {
      "acceptance": "unproven",
      "capability": "studio",
      "contract": "studio/native-dedicated/v1",
      "errors": [],
      "evidence": {
        "acceptance": [],
        "production": []
      },
      "history": [],
      "host_profile": "linux-containers-unpromoted",
      "implementation": "partial",
      "limitations": [
        "No current execution proof is admitted. Historical source, unit and fragment results do not establish this complete contract.",
        "Production, independent-host recovery and workload support remain unproven.",
        "Native startup, SDK flow and fenced recovery must pass together before feature admission. Original Cron effects alone do not accept SB-13a."
      ],
      "placement": "native-dedicated",
      "production": "unproven",
      "required_tests": [
        {
          "command": [],
          "contract": "studio/native-dedicated/v1/complete-contract",
          "fixtures": [
            "reference",
            "compose",
            "images",
            "native-fixture"
          ],
          "gate": "acceptance",
          "id": "studio.complete-contract",
          "kind": "runtime",
          "runner": "lab/studio-check.ts"
        },
        {
          "command": [],
          "contract": "studio/native-dedicated/v1/production",
          "fixtures": [
            "reference",
            "compose",
            "images",
            "native-fixture"
          ],
          "gate": "production",
          "id": "studio.production",
          "kind": "runtime",
          "runner": ""
        }
      ],
      "source": {
        "algorithm": "sbarbase-public-source-v1",
        "files": 531,
        "sha256": "2c1f7e3416b64b0e66f85ae590573672443c391a80467b193b4f56bbf815b420"
      },
      "title": "Studio lifecycle and configuration"
    },
    {
      "acceptance": "unproven",
      "capability": "studio",
      "contract": "studio/cloud-only/v1",
      "errors": [],
      "evidence": {
        "acceptance": [],
        "production": []
      },
      "history": [],
      "host_profile": "managed-platform-unavailable",
      "implementation": "unsupported",
      "limitations": [
        "No current execution proof is admitted. Historical source, unit and fragment results do not establish this complete contract.",
        "Production, independent-host recovery and workload support remain unproven.",
        "Managed platform equivalence is unsupported; no runnable local proof contract is offered."
      ],
      "placement": "cloud-only",
      "production": "unproven",
      "required_tests": [
        {
          "command": [],
          "contract": "studio/cloud-only/v1/complete-contract",
          "fixtures": [
            "reference",
            "compose",
            "images",
            "native-fixture"
          ],
          "gate": "acceptance",
          "id": "studio.complete-contract",
          "kind": "runtime",
          "runner": ""
        },
        {
          "command": [],
          "contract": "studio/cloud-only/v1/production",
          "fixtures": [
            "reference",
            "compose",
            "images",
            "native-fixture"
          ],
          "gate": "production",
          "id": "studio.production",
          "kind": "runtime",
          "runner": ""
        }
      ],
      "source": {
        "algorithm": "sbarbase-public-source-v1",
        "files": 531,
        "sha256": "2c1f7e3416b64b0e66f85ae590573672443c391a80467b193b4f56bbf815b420"
      },
      "title": "Studio lifecycle and configuration"
    },
    {
      "acceptance": "unproven",
      "capability": "database-features",
      "contract": "database-features/legacy-shared/v1",
      "errors": [],
      "evidence": {
        "acceptance": [],
        "production": []
      },
      "history": [],
      "host_profile": "linux-containers-unpromoted",
      "implementation": "planned",
      "limitations": [
        "No current execution proof is admitted. Historical source, unit and fragment results do not establish this complete contract.",
        "Production, independent-host recovery and workload support remain unproven.",
        "Legacy PostgreSQL uses postgres:17-alpine in lab/images.lock.json; it is not the original Supabase PostgreSQL image. Shared resources are a shared failure boundary."
      ],
      "placement": "legacy-shared",
      "production": "unproven",
      "required_tests": [
        {
          "command": [],
          "contract": "database-features/legacy-shared/v1/complete-contract",
          "fixtures": [
            "reference",
            "compose",
            "images",
            "native-fixture"
          ],
          "gate": "acceptance",
          "id": "database-features.complete-contract",
          "kind": "runtime",
          "runner": ""
        },
        {
          "command": [],
          "contract": "database-features/legacy-shared/v1/production",
          "fixtures": [
            "reference",
            "compose",
            "images",
            "native-fixture"
          ],
          "gate": "production",
          "id": "database-features.production",
          "kind": "runtime",
          "runner": ""
        }
      ],
      "source": {
        "algorithm": "sbarbase-public-source-v1",
        "files": 531,
        "sha256": "2c1f7e3416b64b0e66f85ae590573672443c391a80467b193b4f56bbf815b420"
      },
      "title": "GraphQL, pgvector, extensions, Vault and Queues"
    },
    {
      "acceptance": "unproven",
      "capability": "database-features",
      "contract": "database-features/native-dedicated/v1",
      "errors": [],
      "evidence": {
        "acceptance": [],
        "production": []
      },
      "history": [],
      "host_profile": "linux-containers-unpromoted",
      "implementation": "planned",
      "limitations": [
        "No current execution proof is admitted. Historical source, unit and fragment results do not establish this complete contract.",
        "Production, independent-host recovery and workload support remain unproven.",
        "Native startup, SDK flow and fenced recovery must pass together before feature admission. Original Cron effects alone do not accept SB-13a."
      ],
      "placement": "native-dedicated",
      "production": "unproven",
      "required_tests": [
        {
          "command": [],
          "contract": "database-features/native-dedicated/v1/complete-contract",
          "fixtures": [
            "reference",
            "compose",
            "images",
            "native-fixture"
          ],
          "gate": "acceptance",
          "id": "database-features.complete-contract",
          "kind": "runtime",
          "runner": ""
        },
        {
          "command": [],
          "contract": "database-features/native-dedicated/v1/production",
          "fixtures": [
            "reference",
            "compose",
            "images",
            "native-fixture"
          ],
          "gate": "production",
          "id": "database-features.production",
          "kind": "runtime",
          "runner": ""
        }
      ],
      "source": {
        "algorithm": "sbarbase-public-source-v1",
        "files": 531,
        "sha256": "2c1f7e3416b64b0e66f85ae590573672443c391a80467b193b4f56bbf815b420"
      },
      "title": "GraphQL, pgvector, extensions, Vault and Queues"
    },
    {
      "acceptance": "unproven",
      "capability": "database-features",
      "contract": "database-features/cloud-only/v1",
      "errors": [],
      "evidence": {
        "acceptance": [],
        "production": []
      },
      "history": [],
      "host_profile": "managed-platform-unavailable",
      "implementation": "unsupported",
      "limitations": [
        "No current execution proof is admitted. Historical source, unit and fragment results do not establish this complete contract.",
        "Production, independent-host recovery and workload support remain unproven.",
        "Managed platform equivalence is unsupported; no runnable local proof contract is offered."
      ],
      "placement": "cloud-only",
      "production": "unproven",
      "required_tests": [
        {
          "command": [],
          "contract": "database-features/cloud-only/v1/complete-contract",
          "fixtures": [
            "reference",
            "compose",
            "images",
            "native-fixture"
          ],
          "gate": "acceptance",
          "id": "database-features.complete-contract",
          "kind": "runtime",
          "runner": ""
        },
        {
          "command": [],
          "contract": "database-features/cloud-only/v1/production",
          "fixtures": [
            "reference",
            "compose",
            "images",
            "native-fixture"
          ],
          "gate": "production",
          "id": "database-features.production",
          "kind": "runtime",
          "runner": ""
        }
      ],
      "source": {
        "algorithm": "sbarbase-public-source-v1",
        "files": 531,
        "sha256": "2c1f7e3416b64b0e66f85ae590573672443c391a80467b193b4f56bbf815b420"
      },
      "title": "GraphQL, pgvector, extensions, Vault and Queues"
    },
    {
      "acceptance": "unproven",
      "capability": "native-cron-effects",
      "contract": "native-cron-effects/legacy-shared/v1",
      "errors": [],
      "evidence": {
        "acceptance": [],
        "production": []
      },
      "history": [
        {
          "path": "docs/engineering/gauntlet-ledger.json",
          "pointer": "/configured_native_effects"
        },
        {
          "path": "docs/engineering/gauntlet-ledger.json",
          "pointer": "/native_configured_bootstrap"
        }
      ],
      "host_profile": "linux-containers-unpromoted",
      "implementation": "partial",
      "limitations": [
        "No current execution proof is admitted. Historical source, unit and fragment results do not establish this complete contract.",
        "Production, independent-host recovery and workload support remain unproven.",
        "Legacy PostgreSQL uses postgres:17-alpine in lab/images.lock.json; it is not the original Supabase PostgreSQL image. Shared resources are a shared failure boundary."
      ],
      "placement": "legacy-shared",
      "production": "unproven",
      "required_tests": [
        {
          "command": [],
          "contract": "native-cron-effects/legacy-shared/v1/complete-contract",
          "fixtures": [
            "reference",
            "compose",
            "images",
            "native-fixture"
          ],
          "gate": "acceptance",
          "id": "native-cron-effects.complete-contract",
          "kind": "runtime",
          "runner": "deploy/verify/native_configured_effects_inspect.py"
        },
        {
          "command": [],
          "contract": "native-cron-effects/legacy-shared/v1/production",
          "fixtures": [
            "reference",
            "compose",
            "images",
            "native-fixture"
          ],
          "gate": "production",
          "id": "native-cron-effects.production",
          "kind": "runtime",
          "runner": ""
        }
      ],
      "source": {
        "algorithm": "sbarbase-public-source-v1",
        "files": 531,
        "sha256": "2c1f7e3416b64b0e66f85ae590573672443c391a80467b193b4f56bbf815b420"
      },
      "title": "Original native Cron and HTTP effects fragment"
    },
    {
      "acceptance": "unproven",
      "capability": "native-cron-effects",
      "contract": "native-cron-effects/native-dedicated/v1",
      "errors": [],
      "evidence": {
        "acceptance": [],
        "production": []
      },
      "history": [
        {
          "path": "docs/engineering/gauntlet-ledger.json",
          "pointer": "/configured_native_effects"
        },
        {
          "path": "docs/engineering/gauntlet-ledger.json",
          "pointer": "/native_configured_bootstrap"
        }
      ],
      "host_profile": "linux-containers-unpromoted",
      "implementation": "partial",
      "limitations": [
        "No current execution proof is admitted. Historical source, unit and fragment results do not establish this complete contract.",
        "Production, independent-host recovery and workload support remain unproven.",
        "Native startup, SDK flow and fenced recovery must pass together before feature admission. Original Cron effects alone do not accept SB-13a."
      ],
      "placement": "native-dedicated",
      "production": "unproven",
      "required_tests": [
        {
          "command": [],
          "contract": "native-cron-effects/native-dedicated/v1/complete-contract",
          "fixtures": [
            "reference",
            "compose",
            "images",
            "native-fixture"
          ],
          "gate": "acceptance",
          "id": "native-cron-effects.complete-contract",
          "kind": "runtime",
          "runner": "deploy/verify/native_configured_effects_inspect.py"
        },
        {
          "command": [],
          "contract": "native-cron-effects/native-dedicated/v1/production",
          "fixtures": [
            "reference",
            "compose",
            "images",
            "native-fixture"
          ],
          "gate": "production",
          "id": "native-cron-effects.production",
          "kind": "runtime",
          "runner": ""
        }
      ],
      "source": {
        "algorithm": "sbarbase-public-source-v1",
        "files": 531,
        "sha256": "2c1f7e3416b64b0e66f85ae590573672443c391a80467b193b4f56bbf815b420"
      },
      "title": "Original native Cron and HTTP effects fragment"
    },
    {
      "acceptance": "unproven",
      "capability": "native-cron-effects",
      "contract": "native-cron-effects/cloud-only/v1",
      "errors": [],
      "evidence": {
        "acceptance": [],
        "production": []
      },
      "history": [
        {
          "path": "docs/engineering/gauntlet-ledger.json",
          "pointer": "/configured_native_effects"
        },
        {
          "path": "docs/engineering/gauntlet-ledger.json",
          "pointer": "/native_configured_bootstrap"
        }
      ],
      "host_profile": "managed-platform-unavailable",
      "implementation": "unsupported",
      "limitations": [
        "No current execution proof is admitted. Historical source, unit and fragment results do not establish this complete contract.",
        "Production, independent-host recovery and workload support remain unproven.",
        "Managed platform equivalence is unsupported; no runnable local proof contract is offered."
      ],
      "placement": "cloud-only",
      "production": "unproven",
      "required_tests": [
        {
          "command": [],
          "contract": "native-cron-effects/cloud-only/v1/complete-contract",
          "fixtures": [
            "reference",
            "compose",
            "images",
            "native-fixture"
          ],
          "gate": "acceptance",
          "id": "native-cron-effects.complete-contract",
          "kind": "runtime",
          "runner": ""
        },
        {
          "command": [],
          "contract": "native-cron-effects/cloud-only/v1/production",
          "fixtures": [
            "reference",
            "compose",
            "images",
            "native-fixture"
          ],
          "gate": "production",
          "id": "native-cron-effects.production",
          "kind": "runtime",
          "runner": ""
        }
      ],
      "source": {
        "algorithm": "sbarbase-public-source-v1",
        "files": 531,
        "sha256": "2c1f7e3416b64b0e66f85ae590573672443c391a80467b193b4f56bbf815b420"
      },
      "title": "Original native Cron and HTTP effects fragment"
    },
    {
      "acceptance": "unproven",
      "capability": "backups-pitr-replicas",
      "contract": "backups-pitr-replicas/legacy-shared/v1",
      "errors": [],
      "evidence": {
        "acceptance": [],
        "production": []
      },
      "history": [
        {
          "path": "docs/engineering/gauntlet-ledger.json",
          "pointer": "/fenced_staged_restore"
        }
      ],
      "host_profile": "linux-containers-unpromoted",
      "implementation": "partial",
      "limitations": [
        "No current execution proof is admitted. Historical source, unit and fragment results do not establish this complete contract.",
        "Production, independent-host recovery and workload support remain unproven.",
        "Legacy PostgreSQL uses postgres:17-alpine in lab/images.lock.json; it is not the original Supabase PostgreSQL image. Shared resources are a shared failure boundary."
      ],
      "placement": "legacy-shared",
      "production": "unproven",
      "required_tests": [
        {
          "command": [],
          "contract": "backups-pitr-replicas/legacy-shared/v1/complete-backup",
          "fixtures": [
            "reference",
            "compose",
            "images",
            "native-fixture"
          ],
          "gate": "acceptance",
          "id": "backups-pitr-replicas.complete-backup",
          "kind": "runtime",
          "runner": "lab/restore-drill-check.ts"
        },
        {
          "command": [],
          "contract": "backups-pitr-replicas/legacy-shared/v1/pitr",
          "fixtures": [
            "reference",
            "compose",
            "images",
            "native-fixture"
          ],
          "gate": "acceptance",
          "id": "backups-pitr-replicas.pitr",
          "kind": "runtime",
          "runner": ""
        },
        {
          "command": [],
          "contract": "backups-pitr-replicas/legacy-shared/v1/replicas",
          "fixtures": [
            "reference",
            "compose",
            "images",
            "native-fixture"
          ],
          "gate": "acceptance",
          "id": "backups-pitr-replicas.replicas",
          "kind": "runtime",
          "runner": ""
        },
        {
          "command": [],
          "contract": "backups-pitr-replicas/legacy-shared/v1/production",
          "fixtures": [
            "reference",
            "compose",
            "images",
            "native-fixture"
          ],
          "gate": "production",
          "id": "backups-pitr-replicas.production",
          "kind": "runtime",
          "runner": ""
        }
      ],
      "source": {
        "algorithm": "sbarbase-public-source-v1",
        "files": 531,
        "sha256": "2c1f7e3416b64b0e66f85ae590573672443c391a80467b193b4f56bbf815b420"
      },
      "title": "Logical backup, PITR and replicas"
    },
    {
      "acceptance": "unproven",
      "capability": "backups-pitr-replicas",
      "contract": "backups-pitr-replicas/native-dedicated/v1",
      "errors": [],
      "evidence": {
        "acceptance": [],
        "production": []
      },
      "history": [
        {
          "path": "docs/engineering/gauntlet-ledger.json",
          "pointer": "/fenced_staged_restore"
        }
      ],
      "host_profile": "linux-containers-unpromoted",
      "implementation": "partial",
      "limitations": [
        "No current execution proof is admitted. Historical source, unit and fragment results do not establish this complete contract.",
        "Production, independent-host recovery and workload support remain unproven.",
        "Native startup, SDK flow and fenced recovery must pass together before feature admission. Original Cron effects alone do not accept SB-13a."
      ],
      "placement": "native-dedicated",
      "production": "unproven",
      "required_tests": [
        {
          "command": [],
          "contract": "backups-pitr-replicas/native-dedicated/v1/complete-backup",
          "fixtures": [
            "reference",
            "compose",
            "images",
            "native-fixture"
          ],
          "gate": "acceptance",
          "id": "backups-pitr-replicas.complete-backup",
          "kind": "runtime",
          "runner": "lab/restore-drill-check.ts"
        },
        {
          "command": [],
          "contract": "backups-pitr-replicas/native-dedicated/v1/pitr",
          "fixtures": [
            "reference",
            "compose",
            "images",
            "native-fixture"
          ],
          "gate": "acceptance",
          "id": "backups-pitr-replicas.pitr",
          "kind": "runtime",
          "runner": ""
        },
        {
          "command": [],
          "contract": "backups-pitr-replicas/native-dedicated/v1/replicas",
          "fixtures": [
            "reference",
            "compose",
            "images",
            "native-fixture"
          ],
          "gate": "acceptance",
          "id": "backups-pitr-replicas.replicas",
          "kind": "runtime",
          "runner": ""
        },
        {
          "command": [],
          "contract": "backups-pitr-replicas/native-dedicated/v1/production",
          "fixtures": [
            "reference",
            "compose",
            "images",
            "native-fixture"
          ],
          "gate": "production",
          "id": "backups-pitr-replicas.production",
          "kind": "runtime",
          "runner": ""
        }
      ],
      "source": {
        "algorithm": "sbarbase-public-source-v1",
        "files": 531,
        "sha256": "2c1f7e3416b64b0e66f85ae590573672443c391a80467b193b4f56bbf815b420"
      },
      "title": "Logical backup, PITR and replicas"
    },
    {
      "acceptance": "unproven",
      "capability": "backups-pitr-replicas",
      "contract": "backups-pitr-replicas/cloud-only/v1",
      "errors": [],
      "evidence": {
        "acceptance": [],
        "production": []
      },
      "history": [
        {
          "path": "docs/engineering/gauntlet-ledger.json",
          "pointer": "/fenced_staged_restore"
        }
      ],
      "host_profile": "managed-platform-unavailable",
      "implementation": "unsupported",
      "limitations": [
        "No current execution proof is admitted. Historical source, unit and fragment results do not establish this complete contract.",
        "Production, independent-host recovery and workload support remain unproven.",
        "Managed platform equivalence is unsupported; no runnable local proof contract is offered."
      ],
      "placement": "cloud-only",
      "production": "unproven",
      "required_tests": [
        {
          "command": [],
          "contract": "backups-pitr-replicas/cloud-only/v1/complete-backup",
          "fixtures": [
            "reference",
            "compose",
            "images",
            "native-fixture"
          ],
          "gate": "acceptance",
          "id": "backups-pitr-replicas.complete-backup",
          "kind": "runtime",
          "runner": ""
        },
        {
          "command": [],
          "contract": "backups-pitr-replicas/cloud-only/v1/pitr",
          "fixtures": [
            "reference",
            "compose",
            "images",
            "native-fixture"
          ],
          "gate": "acceptance",
          "id": "backups-pitr-replicas.pitr",
          "kind": "runtime",
          "runner": ""
        },
        {
          "command": [],
          "contract": "backups-pitr-replicas/cloud-only/v1/replicas",
          "fixtures": [
            "reference",
            "compose",
            "images",
            "native-fixture"
          ],
          "gate": "acceptance",
          "id": "backups-pitr-replicas.replicas",
          "kind": "runtime",
          "runner": ""
        },
        {
          "command": [],
          "contract": "backups-pitr-replicas/cloud-only/v1/production",
          "fixtures": [
            "reference",
            "compose",
            "images",
            "native-fixture"
          ],
          "gate": "production",
          "id": "backups-pitr-replicas.production",
          "kind": "runtime",
          "runner": ""
        }
      ],
      "source": {
        "algorithm": "sbarbase-public-source-v1",
        "files": 531,
        "sha256": "2c1f7e3416b64b0e66f85ae590573672443c391a80467b193b4f56bbf815b420"
      },
      "title": "Logical backup, PITR and replicas"
    },
    {
      "acceptance": "unproven",
      "capability": "management-api",
      "contract": "management-api/legacy-shared/v1",
      "errors": [],
      "evidence": {
        "acceptance": [],
        "production": []
      },
      "history": [],
      "host_profile": "linux-containers-unpromoted",
      "implementation": "partial",
      "limitations": [
        "No current execution proof is admitted. Historical source, unit and fragment results do not establish this complete contract.",
        "Production, independent-host recovery and workload support remain unproven.",
        "Legacy PostgreSQL uses postgres:17-alpine in lab/images.lock.json; it is not the original Supabase PostgreSQL image. Shared resources are a shared failure boundary."
      ],
      "placement": "legacy-shared",
      "production": "unproven",
      "required_tests": [
        {
          "command": [],
          "contract": "management-api/legacy-shared/v1/complete-contract",
          "fixtures": [
            "reference",
            "compose",
            "images",
            "native-fixture"
          ],
          "gate": "acceptance",
          "id": "management-api.complete-contract",
          "kind": "runtime",
          "runner": "lab/management-check.ts"
        },
        {
          "command": [],
          "contract": "management-api/legacy-shared/v1/production",
          "fixtures": [
            "reference",
            "compose",
            "images",
            "native-fixture"
          ],
          "gate": "production",
          "id": "management-api.production",
          "kind": "runtime",
          "runner": ""
        }
      ],
      "source": {
        "algorithm": "sbarbase-public-source-v1",
        "files": 531,
        "sha256": "2c1f7e3416b64b0e66f85ae590573672443c391a80467b193b4f56bbf815b420"
      },
      "title": "Management API and advanced metrics"
    },
    {
      "acceptance": "unproven",
      "capability": "management-api",
      "contract": "management-api/native-dedicated/v1",
      "errors": [],
      "evidence": {
        "acceptance": [],
        "production": []
      },
      "history": [],
      "host_profile": "linux-containers-unpromoted",
      "implementation": "partial",
      "limitations": [
        "No current execution proof is admitted. Historical source, unit and fragment results do not establish this complete contract.",
        "Production, independent-host recovery and workload support remain unproven.",
        "Native startup, SDK flow and fenced recovery must pass together before feature admission. Original Cron effects alone do not accept SB-13a."
      ],
      "placement": "native-dedicated",
      "production": "unproven",
      "required_tests": [
        {
          "command": [],
          "contract": "management-api/native-dedicated/v1/complete-contract",
          "fixtures": [
            "reference",
            "compose",
            "images",
            "native-fixture"
          ],
          "gate": "acceptance",
          "id": "management-api.complete-contract",
          "kind": "runtime",
          "runner": "lab/management-check.ts"
        },
        {
          "command": [],
          "contract": "management-api/native-dedicated/v1/production",
          "fixtures": [
            "reference",
            "compose",
            "images",
            "native-fixture"
          ],
          "gate": "production",
          "id": "management-api.production",
          "kind": "runtime",
          "runner": ""
        }
      ],
      "source": {
        "algorithm": "sbarbase-public-source-v1",
        "files": 531,
        "sha256": "2c1f7e3416b64b0e66f85ae590573672443c391a80467b193b4f56bbf815b420"
      },
      "title": "Management API and advanced metrics"
    },
    {
      "acceptance": "unproven",
      "capability": "management-api",
      "contract": "management-api/cloud-only/v1",
      "errors": [],
      "evidence": {
        "acceptance": [],
        "production": []
      },
      "history": [],
      "host_profile": "managed-platform-unavailable",
      "implementation": "unsupported",
      "limitations": [
        "No current execution proof is admitted. Historical source, unit and fragment results do not establish this complete contract.",
        "Production, independent-host recovery and workload support remain unproven.",
        "Managed platform equivalence is unsupported; no runnable local proof contract is offered."
      ],
      "placement": "cloud-only",
      "production": "unproven",
      "required_tests": [
        {
          "command": [],
          "contract": "management-api/cloud-only/v1/complete-contract",
          "fixtures": [
            "reference",
            "compose",
            "images",
            "native-fixture"
          ],
          "gate": "acceptance",
          "id": "management-api.complete-contract",
          "kind": "runtime",
          "runner": ""
        },
        {
          "command": [],
          "contract": "management-api/cloud-only/v1/production",
          "fixtures": [
            "reference",
            "compose",
            "images",
            "native-fixture"
          ],
          "gate": "production",
          "id": "management-api.production",
          "kind": "runtime",
          "runner": ""
        }
      ],
      "source": {
        "algorithm": "sbarbase-public-source-v1",
        "files": 531,
        "sha256": "2c1f7e3416b64b0e66f85ae590573672443c391a80467b193b4f56bbf815b420"
      },
      "title": "Management API and advanced metrics"
    },
    {
      "acceptance": "unproven",
      "capability": "managed-only",
      "contract": "managed-only/legacy-shared/v1",
      "errors": [],
      "evidence": {
        "acceptance": [],
        "production": []
      },
      "history": [],
      "host_profile": "linux-containers-unpromoted",
      "implementation": "unsupported",
      "limitations": [
        "No current execution proof is admitted. Historical source, unit and fragment results do not establish this complete contract.",
        "Production, independent-host recovery and workload support remain unproven.",
        "Legacy PostgreSQL uses postgres:17-alpine in lab/images.lock.json; it is not the original Supabase PostgreSQL image. Shared resources are a shared failure boundary."
      ],
      "placement": "legacy-shared",
      "production": "unproven",
      "required_tests": [
        {
          "command": [],
          "contract": "managed-only/legacy-shared/v1/complete-contract",
          "fixtures": [
            "reference",
            "compose",
            "images",
            "native-fixture"
          ],
          "gate": "acceptance",
          "id": "managed-only.complete-contract",
          "kind": "runtime",
          "runner": ""
        },
        {
          "command": [],
          "contract": "managed-only/legacy-shared/v1/production",
          "fixtures": [
            "reference",
            "compose",
            "images",
            "native-fixture"
          ],
          "gate": "production",
          "id": "managed-only.production",
          "kind": "runtime",
          "runner": ""
        }
      ],
      "source": {
        "algorithm": "sbarbase-public-source-v1",
        "files": 531,
        "sha256": "2c1f7e3416b64b0e66f85ae590573672443c391a80467b193b4f56bbf815b420"
      },
      "title": "Managed analytics, vector buckets, ETL and global edge"
    },
    {
      "acceptance": "unproven",
      "capability": "managed-only",
      "contract": "managed-only/native-dedicated/v1",
      "errors": [],
      "evidence": {
        "acceptance": [],
        "production": []
      },
      "history": [],
      "host_profile": "linux-containers-unpromoted",
      "implementation": "unsupported",
      "limitations": [
        "No current execution proof is admitted. Historical source, unit and fragment results do not establish this complete contract.",
        "Production, independent-host recovery and workload support remain unproven.",
        "Native startup, SDK flow and fenced recovery must pass together before feature admission. Original Cron effects alone do not accept SB-13a."
      ],
      "placement": "native-dedicated",
      "production": "unproven",
      "required_tests": [
        {
          "command": [],
          "contract": "managed-only/native-dedicated/v1/complete-contract",
          "fixtures": [
            "reference",
            "compose",
            "images",
            "native-fixture"
          ],
          "gate": "acceptance",
          "id": "managed-only.complete-contract",
          "kind": "runtime",
          "runner": ""
        },
        {
          "command": [],
          "contract": "managed-only/native-dedicated/v1/production",
          "fixtures": [
            "reference",
            "compose",
            "images",
            "native-fixture"
          ],
          "gate": "production",
          "id": "managed-only.production",
          "kind": "runtime",
          "runner": ""
        }
      ],
      "source": {
        "algorithm": "sbarbase-public-source-v1",
        "files": 531,
        "sha256": "2c1f7e3416b64b0e66f85ae590573672443c391a80467b193b4f56bbf815b420"
      },
      "title": "Managed analytics, vector buckets, ETL and global edge"
    },
    {
      "acceptance": "unproven",
      "capability": "managed-only",
      "contract": "managed-only/cloud-only/v1",
      "errors": [],
      "evidence": {
        "acceptance": [],
        "production": []
      },
      "history": [],
      "host_profile": "managed-platform-unavailable",
      "implementation": "unsupported",
      "limitations": [
        "No current execution proof is admitted. Historical source, unit and fragment results do not establish this complete contract.",
        "Production, independent-host recovery and workload support remain unproven.",
        "Managed platform equivalence is unsupported; no runnable local proof contract is offered."
      ],
      "placement": "cloud-only",
      "production": "unproven",
      "required_tests": [
        {
          "command": [],
          "contract": "managed-only/cloud-only/v1/complete-contract",
          "fixtures": [
            "reference",
            "compose",
            "images",
            "native-fixture"
          ],
          "gate": "acceptance",
          "id": "managed-only.complete-contract",
          "kind": "runtime",
          "runner": ""
        },
        {
          "command": [],
          "contract": "managed-only/cloud-only/v1/production",
          "fixtures": [
            "reference",
            "compose",
            "images",
            "native-fixture"
          ],
          "gate": "production",
          "id": "managed-only.production",
          "kind": "runtime",
          "runner": ""
        }
      ],
      "source": {
        "algorithm": "sbarbase-public-source-v1",
        "files": 531,
        "sha256": "2c1f7e3416b64b0e66f85ae590573672443c391a80467b193b4f56bbf815b420"
      },
      "title": "Managed analytics, vector buckets, ETL and global edge"
    },
    {
      "acceptance": "unproven",
      "capability": "foundation-reference-distribution",
      "contract": "foundation-reference-distribution/legacy-shared/v1",
      "errors": [],
      "evidence": {
        "acceptance": [],
        "production": []
      },
      "history": [
        {
          "path": "docs/engineering/gauntlet-ledger.json",
          "pointer": "/slices/0"
        }
      ],
      "host_profile": "linux-containers-unpromoted",
      "implementation": "partial",
      "limitations": [
        "No complete current execution proof is admitted. Narrow governance or security proof does not satisfy this full slice.",
        "Reference bundle retains unresolved image metadata; no reference runtime comparison or distribution acceptance is established.",
        "G12 additionally requires current acceptance for every declared local slice capability; production and independent-host support remain unproven."
      ],
      "placement": "legacy-shared",
      "production": "unproven",
      "required_tests": [
        {
          "command": [],
          "contract": "foundation-reference-distribution/legacy-shared/v1/public-clone-immutable-linux-build",
          "fixtures": [
            "reference",
            "reference-bundle",
            "compose",
            "images",
            "registry-schema",
            "evidence-schema"
          ],
          "gate": "acceptance",
          "id": "foundation-reference-distribution.public-clone-immutable-linux-build",
          "kind": "runtime",
          "runner": ""
        },
        {
          "command": [],
          "contract": "foundation-reference-distribution/legacy-shared/v1/no-private-source-runtime",
          "fixtures": [
            "reference",
            "reference-bundle",
            "compose",
            "images",
            "registry-schema",
            "evidence-schema"
          ],
          "gate": "acceptance",
          "id": "foundation-reference-distribution.no-private-source-runtime",
          "kind": "runtime",
          "runner": ""
        },
        {
          "command": [],
          "contract": "foundation-reference-distribution/legacy-shared/v1/reference-image-packet",
          "fixtures": [
            "reference",
            "reference-bundle",
            "compose",
            "images",
            "registry-schema",
            "evidence-schema"
          ],
          "gate": "acceptance",
          "id": "foundation-reference-distribution.reference-image-packet",
          "kind": "runtime",
          "runner": ""
        },
        {
          "command": [],
          "contract": "foundation-reference-distribution/legacy-shared/v1/release-capability-evidence-identity",
          "fixtures": [
            "reference",
            "reference-bundle",
            "compose",
            "images",
            "registry-schema",
            "evidence-schema"
          ],
          "gate": "acceptance",
          "id": "foundation-reference-distribution.release-capability-evidence-identity",
          "kind": "runtime",
          "runner": ""
        },
        {
          "command": [],
          "contract": "foundation-reference-distribution/legacy-shared/v1/required-missing-check-refusal",
          "fixtures": [
            "reference",
            "reference-bundle",
            "compose",
            "images",
            "registry-schema",
            "evidence-schema"
          ],
          "gate": "acceptance",
          "id": "foundation-reference-distribution.required-missing-check-refusal",
          "kind": "runtime",
          "runner": ""
        },
        {
          "command": [],
          "contract": "foundation-reference-distribution/legacy-shared/v1/distribution-reproducibility",
          "fixtures": [
            "reference",
            "reference-bundle",
            "compose",
            "images",
            "registry-schema",
            "evidence-schema"
          ],
          "gate": "acceptance",
          "id": "foundation-reference-distribution.distribution-reproducibility",
          "kind": "runtime",
          "runner": ""
        },
        {
          "command": [],
          "contract": "foundation-reference-distribution/legacy-shared/v1/production",
          "fixtures": [
            "reference",
            "reference-bundle",
            "compose",
            "images"
          ],
          "gate": "production",
          "id": "foundation-reference-distribution.production",
          "kind": "runtime",
          "runner": ""
        }
      ],
      "source": {
        "algorithm": "sbarbase-public-source-v1",
        "files": 531,
        "sha256": "2c1f7e3416b64b0e66f85ae590573672443c391a80467b193b4f56bbf815b420"
      },
      "title": "Complete foundation, reference and distribution"
    },
    {
      "acceptance": "unproven",
      "capability": "foundation-reference-distribution",
      "contract": "foundation-reference-distribution/native-dedicated/v1",
      "errors": [],
      "evidence": {
        "acceptance": [],
        "production": []
      },
      "history": [
        {
          "path": "docs/engineering/gauntlet-ledger.json",
          "pointer": "/slices/0"
        }
      ],
      "host_profile": "linux-containers-unpromoted",
      "implementation": "partial",
      "limitations": [
        "No complete current execution proof is admitted. Narrow governance or security proof does not satisfy this full slice.",
        "Reference bundle retains unresolved image metadata; no reference runtime comparison or distribution acceptance is established.",
        "G12 additionally requires current acceptance for every declared local slice capability; production and independent-host support remain unproven."
      ],
      "placement": "native-dedicated",
      "production": "unproven",
      "required_tests": [
        {
          "command": [],
          "contract": "foundation-reference-distribution/native-dedicated/v1/public-clone-immutable-linux-build",
          "fixtures": [
            "reference",
            "reference-bundle",
            "compose",
            "images",
            "registry-schema",
            "evidence-schema"
          ],
          "gate": "acceptance",
          "id": "foundation-reference-distribution.public-clone-immutable-linux-build",
          "kind": "runtime",
          "runner": ""
        },
        {
          "command": [],
          "contract": "foundation-reference-distribution/native-dedicated/v1/no-private-source-runtime",
          "fixtures": [
            "reference",
            "reference-bundle",
            "compose",
            "images",
            "registry-schema",
            "evidence-schema"
          ],
          "gate": "acceptance",
          "id": "foundation-reference-distribution.no-private-source-runtime",
          "kind": "runtime",
          "runner": ""
        },
        {
          "command": [],
          "contract": "foundation-reference-distribution/native-dedicated/v1/reference-image-packet",
          "fixtures": [
            "reference",
            "reference-bundle",
            "compose",
            "images",
            "registry-schema",
            "evidence-schema"
          ],
          "gate": "acceptance",
          "id": "foundation-reference-distribution.reference-image-packet",
          "kind": "runtime",
          "runner": ""
        },
        {
          "command": [],
          "contract": "foundation-reference-distribution/native-dedicated/v1/release-capability-evidence-identity",
          "fixtures": [
            "reference",
            "reference-bundle",
            "compose",
            "images",
            "registry-schema",
            "evidence-schema"
          ],
          "gate": "acceptance",
          "id": "foundation-reference-distribution.release-capability-evidence-identity",
          "kind": "runtime",
          "runner": ""
        },
        {
          "command": [],
          "contract": "foundation-reference-distribution/native-dedicated/v1/required-missing-check-refusal",
          "fixtures": [
            "reference",
            "reference-bundle",
            "compose",
            "images",
            "registry-schema",
            "evidence-schema"
          ],
          "gate": "acceptance",
          "id": "foundation-reference-distribution.required-missing-check-refusal",
          "kind": "runtime",
          "runner": ""
        },
        {
          "command": [],
          "contract": "foundation-reference-distribution/native-dedicated/v1/distribution-reproducibility",
          "fixtures": [
            "reference",
            "reference-bundle",
            "compose",
            "images",
            "registry-schema",
            "evidence-schema"
          ],
          "gate": "acceptance",
          "id": "foundation-reference-distribution.distribution-reproducibility",
          "kind": "runtime",
          "runner": ""
        },
        {
          "command": [],
          "contract": "foundation-reference-distribution/native-dedicated/v1/production",
          "fixtures": [
            "reference",
            "reference-bundle",
            "compose",
            "images"
          ],
          "gate": "production",
          "id": "foundation-reference-distribution.production",
          "kind": "runtime",
          "runner": ""
        }
      ],
      "source": {
        "algorithm": "sbarbase-public-source-v1",
        "files": 531,
        "sha256": "2c1f7e3416b64b0e66f85ae590573672443c391a80467b193b4f56bbf815b420"
      },
      "title": "Complete foundation, reference and distribution"
    },
    {
      "acceptance": "unproven",
      "capability": "foundation-reference-distribution",
      "contract": "foundation-reference-distribution/cloud-only/v1",
      "errors": [],
      "evidence": {
        "acceptance": [],
        "production": []
      },
      "history": [
        {
          "path": "docs/engineering/gauntlet-ledger.json",
          "pointer": "/slices/0"
        }
      ],
      "host_profile": "managed-platform-unavailable",
      "implementation": "unsupported",
      "limitations": [
        "No complete current execution proof is admitted. Narrow governance or security proof does not satisfy this full slice.",
        "Reference bundle retains unresolved image metadata; no reference runtime comparison or distribution acceptance is established.",
        "G12 additionally requires current acceptance for every declared local slice capability; production and independent-host support remain unproven."
      ],
      "placement": "cloud-only",
      "production": "unproven",
      "required_tests": [
        {
          "command": [],
          "contract": "foundation-reference-distribution/cloud-only/v1/public-clone-immutable-linux-build",
          "fixtures": [
            "reference",
            "reference-bundle",
            "compose",
            "images",
            "registry-schema",
            "evidence-schema"
          ],
          "gate": "acceptance",
          "id": "foundation-reference-distribution.public-clone-immutable-linux-build",
          "kind": "runtime",
          "runner": ""
        },
        {
          "command": [],
          "contract": "foundation-reference-distribution/cloud-only/v1/no-private-source-runtime",
          "fixtures": [
            "reference",
            "reference-bundle",
            "compose",
            "images",
            "registry-schema",
            "evidence-schema"
          ],
          "gate": "acceptance",
          "id": "foundation-reference-distribution.no-private-source-runtime",
          "kind": "runtime",
          "runner": ""
        },
        {
          "command": [],
          "contract": "foundation-reference-distribution/cloud-only/v1/reference-image-packet",
          "fixtures": [
            "reference",
            "reference-bundle",
            "compose",
            "images",
            "registry-schema",
            "evidence-schema"
          ],
          "gate": "acceptance",
          "id": "foundation-reference-distribution.reference-image-packet",
          "kind": "runtime",
          "runner": ""
        },
        {
          "command": [],
          "contract": "foundation-reference-distribution/cloud-only/v1/release-capability-evidence-identity",
          "fixtures": [
            "reference",
            "reference-bundle",
            "compose",
            "images",
            "registry-schema",
            "evidence-schema"
          ],
          "gate": "acceptance",
          "id": "foundation-reference-distribution.release-capability-evidence-identity",
          "kind": "runtime",
          "runner": ""
        },
        {
          "command": [],
          "contract": "foundation-reference-distribution/cloud-only/v1/required-missing-check-refusal",
          "fixtures": [
            "reference",
            "reference-bundle",
            "compose",
            "images",
            "registry-schema",
            "evidence-schema"
          ],
          "gate": "acceptance",
          "id": "foundation-reference-distribution.required-missing-check-refusal",
          "kind": "runtime",
          "runner": ""
        },
        {
          "command": [],
          "contract": "foundation-reference-distribution/cloud-only/v1/distribution-reproducibility",
          "fixtures": [
            "reference",
            "reference-bundle",
            "compose",
            "images",
            "registry-schema",
            "evidence-schema"
          ],
          "gate": "acceptance",
          "id": "foundation-reference-distribution.distribution-reproducibility",
          "kind": "runtime",
          "runner": ""
        },
        {
          "command": [],
          "contract": "foundation-reference-distribution/cloud-only/v1/production",
          "fixtures": [
            "reference",
            "reference-bundle",
            "compose",
            "images"
          ],
          "gate": "production",
          "id": "foundation-reference-distribution.production",
          "kind": "runtime",
          "runner": ""
        }
      ],
      "source": {
        "algorithm": "sbarbase-public-source-v1",
        "files": 531,
        "sha256": "2c1f7e3416b64b0e66f85ae590573672443c391a80467b193b4f56bbf815b420"
      },
      "title": "Complete foundation, reference and distribution"
    },
    {
      "acceptance": "unproven",
      "capability": "public-release",
      "contract": "public-release/legacy-shared/v1",
      "errors": [],
      "evidence": {
        "acceptance": [],
        "production": []
      },
      "history": [
        {
          "path": "docs/engineering/gauntlet-ledger.json",
          "pointer": "/slices/12"
        }
      ],
      "host_profile": "linux-containers-unpromoted",
      "implementation": "partial",
      "limitations": [
        "No complete current execution proof is admitted. Narrow governance or security proof does not satisfy this full slice.",
        "Reference bundle retains unresolved image metadata; no reference runtime comparison or distribution acceptance is established.",
        "G12 additionally requires current acceptance for every declared local slice capability; production and independent-host support remain unproven."
      ],
      "placement": "legacy-shared",
      "production": "unproven",
      "required_tests": [
        {
          "command": [],
          "contract": "public-release/legacy-shared/v1/claimed-profile-acceptance",
          "fixtures": [
            "reference",
            "reference-bundle",
            "compose",
            "images",
            "registry-schema",
            "evidence-schema"
          ],
          "gate": "acceptance",
          "id": "public-release.claimed-profile-acceptance",
          "kind": "runtime",
          "runner": ""
        },
        {
          "command": [],
          "contract": "public-release/legacy-shared/v1/all-claimed-slices-current",
          "fixtures": [
            "reference",
            "reference-bundle",
            "compose",
            "images",
            "registry-schema",
            "evidence-schema"
          ],
          "gate": "acceptance",
          "id": "public-release.all-claimed-slices-current",
          "kind": "runtime",
          "runner": ""
        },
        {
          "command": [],
          "contract": "public-release/legacy-shared/v1/public-pilot",
          "fixtures": [
            "reference",
            "reference-bundle",
            "compose",
            "images",
            "registry-schema",
            "evidence-schema"
          ],
          "gate": "acceptance",
          "id": "public-release.public-pilot",
          "kind": "runtime",
          "runner": ""
        },
        {
          "command": [],
          "contract": "public-release/legacy-shared/v1/seven-day-soak",
          "fixtures": [
            "reference",
            "reference-bundle",
            "compose",
            "images",
            "registry-schema",
            "evidence-schema"
          ],
          "gate": "acceptance",
          "id": "public-release.seven-day-soak",
          "kind": "runtime",
          "runner": ""
        },
        {
          "command": [],
          "contract": "public-release/legacy-shared/v1/licenses",
          "fixtures": [
            "reference",
            "reference-bundle",
            "compose",
            "images",
            "registry-schema",
            "evidence-schema"
          ],
          "gate": "acceptance",
          "id": "public-release.licenses",
          "kind": "runtime",
          "runner": ""
        },
        {
          "command": [],
          "contract": "public-release/legacy-shared/v1/contributor-setup",
          "fixtures": [
            "reference",
            "reference-bundle",
            "compose",
            "images",
            "registry-schema",
            "evidence-schema"
          ],
          "gate": "acceptance",
          "id": "public-release.contributor-setup",
          "kind": "runtime",
          "runner": ""
        },
        {
          "command": [],
          "contract": "public-release/legacy-shared/v1/vulnerability-reporting",
          "fixtures": [
            "reference",
            "reference-bundle",
            "compose",
            "images",
            "registry-schema",
            "evidence-schema"
          ],
          "gate": "acceptance",
          "id": "public-release.vulnerability-reporting",
          "kind": "runtime",
          "runner": ""
        },
        {
          "command": [],
          "contract": "public-release/legacy-shared/v1/support-windows",
          "fixtures": [
            "reference",
            "reference-bundle",
            "compose",
            "images",
            "registry-schema",
            "evidence-schema"
          ],
          "gate": "acceptance",
          "id": "public-release.support-windows",
          "kind": "runtime",
          "runner": ""
        },
        {
          "command": [],
          "contract": "public-release/legacy-shared/v1/production",
          "fixtures": [
            "reference",
            "reference-bundle",
            "compose",
            "images"
          ],
          "gate": "production",
          "id": "public-release.production",
          "kind": "runtime",
          "runner": ""
        }
      ],
      "source": {
        "algorithm": "sbarbase-public-source-v1",
        "files": 531,
        "sha256": "2c1f7e3416b64b0e66f85ae590573672443c391a80467b193b4f56bbf815b420"
      },
      "title": "Complete claimed-profile public release"
    },
    {
      "acceptance": "unproven",
      "capability": "public-release",
      "contract": "public-release/native-dedicated/v1",
      "errors": [],
      "evidence": {
        "acceptance": [],
        "production": []
      },
      "history": [
        {
          "path": "docs/engineering/gauntlet-ledger.json",
          "pointer": "/slices/12"
        }
      ],
      "host_profile": "linux-containers-unpromoted",
      "implementation": "partial",
      "limitations": [
        "No complete current execution proof is admitted. Narrow governance or security proof does not satisfy this full slice.",
        "Reference bundle retains unresolved image metadata; no reference runtime comparison or distribution acceptance is established.",
        "G12 additionally requires current acceptance for every declared local slice capability; production and independent-host support remain unproven."
      ],
      "placement": "native-dedicated",
      "production": "unproven",
      "required_tests": [
        {
          "command": [],
          "contract": "public-release/native-dedicated/v1/claimed-profile-acceptance",
          "fixtures": [
            "reference",
            "reference-bundle",
            "compose",
            "images",
            "registry-schema",
            "evidence-schema"
          ],
          "gate": "acceptance",
          "id": "public-release.claimed-profile-acceptance",
          "kind": "runtime",
          "runner": ""
        },
        {
          "command": [],
          "contract": "public-release/native-dedicated/v1/all-claimed-slices-current",
          "fixtures": [
            "reference",
            "reference-bundle",
            "compose",
            "images",
            "registry-schema",
            "evidence-schema"
          ],
          "gate": "acceptance",
          "id": "public-release.all-claimed-slices-current",
          "kind": "runtime",
          "runner": ""
        },
        {
          "command": [],
          "contract": "public-release/native-dedicated/v1/public-pilot",
          "fixtures": [
            "reference",
            "reference-bundle",
            "compose",
            "images",
            "registry-schema",
            "evidence-schema"
          ],
          "gate": "acceptance",
          "id": "public-release.public-pilot",
          "kind": "runtime",
          "runner": ""
        },
        {
          "command": [],
          "contract": "public-release/native-dedicated/v1/seven-day-soak",
          "fixtures": [
            "reference",
            "reference-bundle",
            "compose",
            "images",
            "registry-schema",
            "evidence-schema"
          ],
          "gate": "acceptance",
          "id": "public-release.seven-day-soak",
          "kind": "runtime",
          "runner": ""
        },
        {
          "command": [],
          "contract": "public-release/native-dedicated/v1/licenses",
          "fixtures": [
            "reference",
            "reference-bundle",
            "compose",
            "images",
            "registry-schema",
            "evidence-schema"
          ],
          "gate": "acceptance",
          "id": "public-release.licenses",
          "kind": "runtime",
          "runner": ""
        },
        {
          "command": [],
          "contract": "public-release/native-dedicated/v1/contributor-setup",
          "fixtures": [
            "reference",
            "reference-bundle",
            "compose",
            "images",
            "registry-schema",
            "evidence-schema"
          ],
          "gate": "acceptance",
          "id": "public-release.contributor-setup",
          "kind": "runtime",
          "runner": ""
        },
        {
          "command": [],
          "contract": "public-release/native-dedicated/v1/vulnerability-reporting",
          "fixtures": [
            "reference",
            "reference-bundle",
            "compose",
            "images",
            "registry-schema",
            "evidence-schema"
          ],
          "gate": "acceptance",
          "id": "public-release.vulnerability-reporting",
          "kind": "runtime",
          "runner": ""
        },
        {
          "command": [],
          "contract": "public-release/native-dedicated/v1/support-windows",
          "fixtures": [
            "reference",
            "reference-bundle",
            "compose",
            "images",
            "registry-schema",
            "evidence-schema"
          ],
          "gate": "acceptance",
          "id": "public-release.support-windows",
          "kind": "runtime",
          "runner": ""
        },
        {
          "command": [],
          "contract": "public-release/native-dedicated/v1/production",
          "fixtures": [
            "reference",
            "reference-bundle",
            "compose",
            "images"
          ],
          "gate": "production",
          "id": "public-release.production",
          "kind": "runtime",
          "runner": ""
        }
      ],
      "source": {
        "algorithm": "sbarbase-public-source-v1",
        "files": 531,
        "sha256": "2c1f7e3416b64b0e66f85ae590573672443c391a80467b193b4f56bbf815b420"
      },
      "title": "Complete claimed-profile public release"
    },
    {
      "acceptance": "unproven",
      "capability": "public-release",
      "contract": "public-release/cloud-only/v1",
      "errors": [],
      "evidence": {
        "acceptance": [],
        "production": []
      },
      "history": [
        {
          "path": "docs/engineering/gauntlet-ledger.json",
          "pointer": "/slices/12"
        }
      ],
      "host_profile": "managed-platform-unavailable",
      "implementation": "unsupported",
      "limitations": [
        "No complete current execution proof is admitted. Narrow governance or security proof does not satisfy this full slice.",
        "Reference bundle retains unresolved image metadata; no reference runtime comparison or distribution acceptance is established.",
        "G12 additionally requires current acceptance for every declared local slice capability; production and independent-host support remain unproven."
      ],
      "placement": "cloud-only",
      "production": "unproven",
      "required_tests": [
        {
          "command": [],
          "contract": "public-release/cloud-only/v1/claimed-profile-acceptance",
          "fixtures": [
            "reference",
            "reference-bundle",
            "compose",
            "images",
            "registry-schema",
            "evidence-schema"
          ],
          "gate": "acceptance",
          "id": "public-release.claimed-profile-acceptance",
          "kind": "runtime",
          "runner": ""
        },
        {
          "command": [],
          "contract": "public-release/cloud-only/v1/all-claimed-slices-current",
          "fixtures": [
            "reference",
            "reference-bundle",
            "compose",
            "images",
            "registry-schema",
            "evidence-schema"
          ],
          "gate": "acceptance",
          "id": "public-release.all-claimed-slices-current",
          "kind": "runtime",
          "runner": ""
        },
        {
          "command": [],
          "contract": "public-release/cloud-only/v1/public-pilot",
          "fixtures": [
            "reference",
            "reference-bundle",
            "compose",
            "images",
            "registry-schema",
            "evidence-schema"
          ],
          "gate": "acceptance",
          "id": "public-release.public-pilot",
          "kind": "runtime",
          "runner": ""
        },
        {
          "command": [],
          "contract": "public-release/cloud-only/v1/seven-day-soak",
          "fixtures": [
            "reference",
            "reference-bundle",
            "compose",
            "images",
            "registry-schema",
            "evidence-schema"
          ],
          "gate": "acceptance",
          "id": "public-release.seven-day-soak",
          "kind": "runtime",
          "runner": ""
        },
        {
          "command": [],
          "contract": "public-release/cloud-only/v1/licenses",
          "fixtures": [
            "reference",
            "reference-bundle",
            "compose",
            "images",
            "registry-schema",
            "evidence-schema"
          ],
          "gate": "acceptance",
          "id": "public-release.licenses",
          "kind": "runtime",
          "runner": ""
        },
        {
          "command": [],
          "contract": "public-release/cloud-only/v1/contributor-setup",
          "fixtures": [
            "reference",
            "reference-bundle",
            "compose",
            "images",
            "registry-schema",
            "evidence-schema"
          ],
          "gate": "acceptance",
          "id": "public-release.contributor-setup",
          "kind": "runtime",
          "runner": ""
        },
        {
          "command": [],
          "contract": "public-release/cloud-only/v1/vulnerability-reporting",
          "fixtures": [
            "reference",
            "reference-bundle",
            "compose",
            "images",
            "registry-schema",
            "evidence-schema"
          ],
          "gate": "acceptance",
          "id": "public-release.vulnerability-reporting",
          "kind": "runtime",
          "runner": ""
        },
        {
          "command": [],
          "contract": "public-release/cloud-only/v1/support-windows",
          "fixtures": [
            "reference",
            "reference-bundle",
            "compose",
            "images",
            "registry-schema",
            "evidence-schema"
          ],
          "gate": "acceptance",
          "id": "public-release.support-windows",
          "kind": "runtime",
          "runner": ""
        },
        {
          "command": [],
          "contract": "public-release/cloud-only/v1/production",
          "fixtures": [
            "reference",
            "reference-bundle",
            "compose",
            "images"
          ],
          "gate": "production",
          "id": "public-release.production",
          "kind": "runtime",
          "runner": ""
        }
      ],
      "source": {
        "algorithm": "sbarbase-public-source-v1",
        "files": 531,
        "sha256": "2c1f7e3416b64b0e66f85ae590573672443c391a80467b193b4f56bbf815b420"
      },
      "title": "Complete claimed-profile public release"
    }
  ],
  "version": "0.2.0"
}
